banks,quarter,oil,pkr,pakistan10ybm,pak3mbm,Total.Deposits,Net.Loans,Total.Investment.Securities,Securities.Held.To.Maturity,Securities.for.Sale,Loan.Loss.Allowances,Other.Short.Term.Borrowings,Interest.Bearing.Deposits,Other.Deposits,Net.Interest.Income,Advances..net.of.provision,Balances.with.other.banks,Bills.payable,Borrowings,Deferred.tax.assets,Deferred.tax.liabilities,Deposits.and.other.accounts,Investments,Lending.to.financial.institutions,Provisions,Sub.ordinated.loans
ABL.KA,2013 Q2,94.04890625,98.42375,8.551109375,9.41875,NA,NA,NA,NA,NA,NA,NA,NA,NA,5382298000,3354604.667,133476.5833,117501.9167,789962.3333,66980.16667,12557.5,6846819.25,3933235.083,166629.25,-396726.6667,40915
ABL.KA,2013 Q3,105.8304688,102.7576563,8.036515625,9.00671875,5.70215E+11,2.61662E+11,2.88754E+11,NA,NA,NA,10537922000,0,NA,5969661000,3272785.846,135995.3846,125176.7692,460043.8462,72309.61538,13880.30769,7070622.231,3786361.538,254729.1538,-407253.1538,34904.92308
ABL.KA,2013 Q4,97.5815625,106.7714063,8.02671875,9.57609375,5.70837E+11,2.43754E+11,3.23486E+11,NA,NA,NA,5860472000,0,NA,5299817000,3426507.462,140734.5385,123553.7692,484524.6923,73996.53846,12031.30769,7231520.308,3849126.154,206009.2308,-408984,27678.61538
ABL.KA,2014 Q1,98.67557377,103.3257377,7.996540984,9.97147541,6.08407E+11,2.67036E+11,3.59954E+11,NA,NA,-18374552000,4878594000,NA,NA,5762562000,3557653.615,151176.1538,123706,620547.6154,73847.69231,11019.30769,7526956.154,4134944.154,221543.9231,-404416.6154,29803.76923
ABL.KA,2014 Q2,103.0392063,98.18111111,7.797952381,10.00111111,6.10609E+11,2.61443E+11,3.3083E+11,91148721000,2.39681E+11,-18336024000,5380296000,4.22952E+11,4356044000,7104294000,3637117.077,147945.0769,140846.0769,759981.3077,73194.23077,10056.92308,7697086,4328704.385,278741.7692,-402655.9231,28641.46154
ABL.KA,2014 Q3,97.6321875,100.3034375,8.332765625,9.968125,6.45863E+11,2.81635E+11,3.85892E+11,1.61384E+11,2.24508E+11,-18357340000,11059826000,4.08416E+11,4447404000,6965187000,3691597.615,131720.3846,143868.2308,620979.2308,71771.84615,8538.923077,7994732.385,4381218.154,288290.6923,-413730.1538,29606.38462
ABL.KA,2014 Q4,73.21125,101.798125,8.163734375,9.7378125,6.43362E+11,2.79592E+11,3.72364E+11,1.61621E+11,2.10743E+11,-18351082000,5463508000,4.41891E+11,1264657000,8340793000,3648248.692,142519.8462,137081.5385,664252.6923,71889.84615,11309.46154,7746917.538,4246624.231,289184.0769,-411976.1538,30962.30769
ABL.KA,2015 Q1,48.47409836,101.2793443,8.074163934,8.471311475,6.67864E+11,3.00655E+11,4.05306E+11,1.91404E+11,2.13902E+11,-19810564000,4831801000,4.59651E+11,2962244000,8479254000,3887476.846,132537.1538,148137.8462,1230866,61080.61538,26438,8401234,5431944.923,290852.9231,-419973,33677.53846
ABL.KA,2015 Q2,57.85460317,101.7547619,8.809365079,7.264285714,6.65608E+11,2.92287E+11,4.35861E+11,1.92659E+11,2.43202E+11,-20521253000,5310029000,4.5163E+11,2783087000,8911758000,3689979,123802.1538,150430.6154,1132396.077,60883.23077,30221.53846,8026546.923,5062602.231,293005.9231,-419203.1538,37083.30769
ABL.KA,2015 Q3,46.48609375,102.82,9.067203125,6.8175,7.1104E+11,2.95238E+11,4.42096E+11,1.92799E+11,2.49297E+11,-20036346000,12779596000,4.68297E+11,4179518000,9388635000,3379763.615,132851.6923,131167.1538,646777.6923,68970.38462,18251.92308,7360381.308,4186264.231,256655.0769,-411796.3077,34408.15385
ABL.KA,2015 Q4,41.9365625,104.8409375,10.751375,6.44828125,7.05946E+11,2.91177E+11,5.07906E+11,1.93085E+11,3.14821E+11,-19960848000,4699456000,4.89082E+11,4370439000,9372290000,3364486,131427.25,120498,441942,73695.25,10013.25,7121574.5,3768596,182292.25,-409906.25,28871.5
ABL.KA,2016 Q1,33.4442623,104.6467213,12.83183607,6.261147541,7.34546E+11,3.16947E+11,5.24478E+11,1.93509E+11,3.30968E+11,-19164266000,4942189000,4.80974E+11,33793523000,8500779000,3947590.385,152194.9231,156260,1180214.923,61570.53846,23480.30769,8654262.077,5458624.846,283780.7692,-425438.2308,34792.15385
ABL.KA,2016 Q2,45.5271875,104.5798438,13.22853125,6.0984375,7.34472E+11,2.97173E+11,5.69548E+11,1.93073E+11,3.76475E+11,-19424420000,5907508000,4.76238E+11,35864846000,9210098000,3859448,137792.6923,150128,983699.3846,67817.61538,16733.69231,8365590.538,5041054.462,285878.2308,-419600.6923,34598.61538
ABL.KA,2016 Q3,44.85796875,104.5685938,13.98870313,5.9203125,7.72329E+11,3.35609E+11,5.30064E+11,1.89578E+11,3.40486E+11,-19328279000,6803349000,4.70435E+11,47584419000,8238721000,3596565.643,137476.5,129575.7143,969414.0714,69417.57143,11930.64286,7379305.643,4372211.571,215566.2143,-405060.9286,39296.07143
ABL.KA,2016 Q4,49.15904762,104.6315873,12.32236508,5.910952381,7.57992E+11,3.29793E+11,5.3367E+11,86522120000,4.47148E+11,-18827623000,6108996000,4.62375E+11,57930298000,7316544000,3343133.917,133992.25,102796.8333,823332.9167,68242.5,11257.5,6718650.417,3900781.75,148672.5,-396652.75,42093.16667
ABL.KA,2017 Q1,51.62129032,104.686129,11.15024194,5.941854839,8.0509E+11,3.25918E+11,5.64185E+11,86329092000,4.77856E+11,-18783872000,9848795000,4.87216E+11,69098990000,7993474000,4900073.846,132908.9231,185680.0769,1904360,50979.61538,38620.30769,10705673.23,7402724.154,401320.3846,-443683.3846,47593.92308
ABL.KA,2017 Q2,48.10968254,104.6852381,9.497555556,5.98452381,8.10209E+11,3.10751E+11,5.70977E+11,86415291000,4.84562E+11,-18387193000,6415018000,4.881E+11,76500136000,8285751000,5276178.231,136046,212490.7692,2323198.769,46377.53846,35283.07692,11181600.23,7818049.615,406816.5385,-439119.3077,47343.84615
ABL.KA,2017 Q3,48.18177419,105.2569355,8.733774194,5.993709677,8.52547E+11,3.48702E+11,5.26972E+11,84761462000,4.42211E+11,-18084969000,7267258000,4.89964E+11,68804542000,7273133000,5435555.923,140690.7692,209217.3846,2514256.231,39870,24457.84615,11612407.54,8126071.692,447099.6923,-439587.9231,51757.61538
ABL.KA,2017 Q4,55.21241935,106.1806452,10.47669355,5.990645161,8.28362E+11,3.32719E+11,5.50452E+11,74760903000,4.75691E+11,-17452970000,7039888000,4.88529E+11,42650381000,8028906000,5620556.846,120872.6923,207271,2760289.154,41012.30769,18463.92308,11749912.77,8347068.923,534942.9231,-442423.1538,57474.23077
ABL.KA,2018 Q1,62.9057377,111.0455738,12.53081967,6.083278689,8.83702E+11,3.68029E+11,6.59316E+11,74908382000,5.84408E+11,-16713937000,7835467000,5.26481E+11,53504109000,8012996000,6001096.538,121859.5385,223016.1538,2374126.769,42572.92308,19360.69231,11936303.15,7714466.154,593642.4615,-438698.4615,64488.38462
ABL.KA,2018 Q2,68.06546875,116.5670313,12.66125,6.3796875,9.05787E+11,3.83081E+11,4.34911E+11,75061468000,3.59849E+11,-16208090000,20557599000,5.36956E+11,56466378000,7799561000,6394596.692,125205.6923,228573.1538,2297716.308,49131.23077,23044.38462,12271262.46,7419772.385,680466.3846,-440922.5385,74235.46154
ABL.KA,2018 Q3,69.68730159,123.17,12.69,7.61047619,9.26968E+11,4.20113E+11,8.25828E+11,74007206000,7.51821E+11,-15821608000,11616240000,5.78319E+11,NA,7810556000,6765106.308,115162.1538,205602.8462,2492074.538,52735.61538,21313.46154,12538241.69,7322371.846,780949.0769,-440884.4615,87368.84615
ABL.KA,2018 Q4,59.96557377,133.4777049,13.51377049,9.31557377,9.29423E+11,4.19436E+11,3.98881E+11,16542952000,3.82338E+11,-15547711000,7869471000,5.77992E+11,NA,8496231000,7035843.545,119389.7273,202900.4545,1951694.818,54994.18182,29313.09091,12760693.73,6370828.545,1171643.455,-441292.7273,98236.81818
ABL.KA,2019 Q1,54.82311475,138.7672131,14.02139344,10.46344262,9.84463E+11,4.34881E+11,6.65405E+11,16497712000,6.48907E+11,-15549365000,7996583000,6.1582E+11,5003485000,9585841000,7246895.385,143807.4615,226991.0769,1694121.077,56178,25569,13032139.15,5890335.769,1308651.923,-449367.8462,111882.9231
ABL.KA,2019 Q2,59.88015873,146.5609524,14.29449206,11.75634921,1.00753E+12,4.11456E+11,4.68005E+11,16478171000,4.51526E+11,-15373298000,7427935000,6.38457E+11,NA,9145847000,6726644.538,155857.6923,240376.9231,1695937.692,55253.38462,20250.46154,12291688.15,5860284,1060258,-452229.6923,99425.61538
ABL.KA,2019 Q3,56.33634921,157.5777778,14.13771429,13.56984127,1.02965E+12,4.33822E+11,6.21897E+11,18989444000,6.02908E+11,-15447277000,32014772000,9.96637E+11,33010065000,10046904000,7353059.846,184626.2308,232662.2308,2916289.615,54696.76923,20072.38462,13749192.23,8173624.385,832060.8462,-466797.8462,115615.1538
ABL.KA,2019 Q4,56.82095238,155.1090476,13.1072381,13.40920635,1.02019E+12,4.27409E+11,8.18124E+11,13602025000,8.04522E+11,-15390440000,29871783000,6.37331E+11,27989946000,12726996000,7409763.667,172954.25,212037.4167,2523634.667,52920.25,20528.16667,13966447.75,8140727.083,929145,-478779,120961.6667
ABL.KA,2020 Q1,45.33516129,155.583871,12.49272581,13.41612903,1.04973E+12,4.79795E+11,7.29744E+11,13015041000,7.16729E+11,-15152419000,33245268000,6.3878E+11,22955596000,11616018000,7519878.692,186964.8462,222990.3077,2635448.462,49899.69231,34309.69231,14568033.46,8717628.538,948968.6923,-495774,126251.3846
ABL.KA,2020 Q2,27.96047619,162.9260317,13.0537619,10.27539683,1.04257E+12,4.56487E+11,6.55208E+11,13074134000,6.42134E+11,-15235010000,37654015000,6.50551E+11,16982580000,13390171000,7596838.889,173571.4444,221864.7778,3116701.556,46240.22222,47258,15053265.22,9862638.111,884497,-505951.7778,130477
ABL.KA,2020 Q3,40.89171875,166.5221875,13.31084375,7.0953125,1.10681E+12,4.26737E+11,6.53342E+11,13132490000,6.4021E+11,-16150926000,23875723000,6.70302E+11,28310914000,NA,7379917.75,196514,262099.625,2889112,48095,45928.875,16102282.75,10769294.5,793748.625,-524207.375,123824.25
ABL.KA,2020 Q4,39.83333333,163.3283333,12.75825,7.226666667,NA,NA,NA,NA,NA,NA,NA,NA,NA,NA,7355429,196514,283003.5,2662321,47422,42551.5,16484836,10956108,815846,-526210,121858
ASBK.KA,2013 Q2,94.04890625,98.42375,8.551109375,9.41875,NA,NA,NA,NA,NA,NA,NA,NA,NA,1664241000,3354604.667,133476.5833,117501.9167,789962.3333,66980.16667,12557.5,6846819.25,3933235.083,166629.25,-396726.6667,40915
ASBK.KA,2013 Q3,105.8304688,102.7576563,8.036515625,9.00671875,2.9331E+11,1.40528E+11,1.4482E+11,3505692000,1.41315E+11,NA,6400339000,2.21443E+11,2827546000,2482391000,3272785.846,135995.3846,125176.7692,460043.8462,72309.61538,13880.30769,7070622.231,3786361.538,254729.1538,-407253.1538,34904.92308
ASBK.KA,2013 Q4,97.5815625,106.7714063,8.02671875,9.57609375,3.03672E+11,1.39517E+11,1.61804E+11,3075089000,1.58729E+11,-26152846000,6157479000,2.38743E+11,2432988000,2265211000,3426507.462,140734.5385,123553.7692,484524.6923,73996.53846,12031.30769,7231520.308,3849126.154,206009.2308,-408984,27678.61538
ASBK.KA,2014 Q1,98.67557377,103.3257377,7.996540984,9.97147541,3.35173E+11,1.66064E+11,1.66574E+11,1533676000,1.6504E+11,-28614241000,5687542000,2.62097E+11,2132481000,2543045000,3557653.615,151176.1538,123706,620547.6154,73847.69231,11019.30769,7526956.154,4134944.154,221543.9231,-404416.6154,29803.76923
ASBK.KA,2014 Q2,103.0392063,98.18111111,7.797952381,10.00111111,3.07365E+11,1.71131E+11,1.54594E+11,1442383000,1.53152E+11,-28376045000,5067551000,2.30591E+11,2541221000,2988262000,3637117.077,147945.0769,140846.0769,759981.3077,73194.23077,10056.92308,7697086,4328704.385,278741.7692,-402655.9231,28641.46154
ASBK.KA,2014 Q3,97.6321875,100.3034375,8.332765625,9.968125,3.44823E+11,1.91803E+11,1.52996E+11,1454510000,1.51542E+11,-28287885000,15186329000,2.41876E+11,4011372000,3238412000,3691597.615,131720.3846,143868.2308,620979.2308,71771.84615,8538.923077,7994732.385,4381218.154,288290.6923,-413730.1538,29606.38462
ASBK.KA,2014 Q4,73.21125,101.798125,8.163734375,9.7378125,3.50304E+11,1.81173E+11,1.74085E+11,1494605000,1.7259E+11,-28163066000,5843479000,2.5993E+11,3061983000,3139039000,3648248.692,142519.8462,137081.5385,664252.6923,71889.84615,11309.46154,7746917.538,4246624.231,289184.0769,-411976.1538,30962.30769
ASBK.KA,2015 Q1,48.47409836,101.2793443,8.074163934,8.471311475,3.87535E+11,1.7411E+11,2.14161E+11,1457569000,2.12703E+11,-28169065000,6855020000,2.95163E+11,2996090000,3528431000,3887476.846,132537.1538,148137.8462,1230866,61080.61538,26438,8401234,5431944.923,290852.9231,-419973,33677.53846
ASBK.KA,2015 Q2,57.85460317,101.7547619,8.809365079,7.264285714,3.85994E+11,1.81175E+11,2.28712E+11,3078007000,2.25634E+11,-28344361000,10937088000,2.93054E+11,3231376000,3830923000,3689979,123802.1538,150430.6154,1132396.077,60883.23077,30221.53846,8026546.923,5062602.231,293005.9231,-419203.1538,37083.30769
ASBK.KA,2015 Q3,46.48609375,102.82,9.067203125,6.8175,4.22447E+11,2.06683E+11,2.28016E+11,3084158000,2.24932E+11,-28341989000,28578813000,3.0843E+11,3274805000,3752225000,3379763.615,132851.6923,131167.1538,646777.6923,68970.38462,18251.92308,7360381.308,4186264.231,256655.0769,-411796.3077,34408.15385
ASBK.KA,2015 Q4,41.9365625,104.8409375,10.751375,6.44828125,4.2727E+11,1.93025E+11,2.677E+11,3156045000,2.64544E+11,-28396558000,7096234000,3.26748E+11,3043107000,3792469000,3364486,131427.25,120498,441942,73695.25,10013.25,7121574.5,3768596,182292.25,-409906.25,28871.5
ASBK.KA,2016 Q1,33.4442623,104.6467213,12.83183607,6.261147541,4.3313E+11,2.00749E+11,2.64341E+11,7780551000,2.5656E+11,-28482186000,6094885000,3.23086E+11,3608776000,3565279000,3947590.385,152194.9231,156260,1180214.923,61570.53846,23480.30769,8654262.077,5458624.846,283780.7692,-425438.2308,34792.15385
ASBK.KA,2016 Q2,45.5271875,104.5798438,13.22853125,6.0984375,4.48799E+11,1.92884E+11,2.61956E+11,1690146000,2.60266E+11,-28376228000,7169708000,3.36726E+11,3511732000,3693232000,3859448,137792.6923,150128,983699.3846,67817.61538,16733.69231,8365590.538,5041054.462,285878.2308,-419600.6923,34598.61538
ASBK.KA,2016 Q3,44.85796875,104.5685938,13.98870313,5.9203125,4.6588E+11,1.97533E+11,2.92525E+11,2469861000,2.90055E+11,-27958187000,14406380000,3.29299E+11,4394172000,3731791000,3596565.643,137476.5,129575.7143,969414.0714,69417.57143,11930.64286,7379305.643,4372211.571,215566.2143,-405060.9286,39296.07143
ASBK.KA,2016 Q4,49.15904762,104.6315873,12.32236508,5.910952381,4.62632E+11,1.86537E+11,2.95501E+11,2464869000,2.93036E+11,-27901303000,12410329000,3.40812E+11,3750535000,3960605000,3343133.917,133992.25,102796.8333,823332.9167,68242.5,11257.5,6718650.417,3900781.75,148672.5,-396652.75,42093.16667
ASBK.KA,2017 Q1,51.62129032,104.686129,11.15024194,5.941854839,4.72803E+11,2.42001E+11,2.95846E+11,NA,NA,NA,8579809000,NA,NA,3794251000,4900073.846,132908.9231,185680.0769,1904360,50979.61538,38620.30769,10705673.23,7402724.154,401320.3846,-443683.3846,47593.92308
ASBK.KA,2017 Q2,48.10968254,104.6852381,9.497555556,5.98452381,4.7353E+11,2.1788E+11,2.689E+11,2696372000,2.66204E+11,-26604839000,9586592000,3.38728E+11,4448129000,4040749000,5276178.231,136046,212490.7692,2323198.769,46377.53846,35283.07692,11181600.23,7818049.615,406816.5385,-439119.3077,47343.84615
ASBK.KA,2017 Q3,48.18177419,105.2569355,8.733774194,5.993709677,5.25945E+11,2.29886E+11,2.67104E+11,2170965000,2.64933E+11,-25889821000,10887316000,3.70362E+11,4934785000,4183796000,5435555.923,140690.7692,209217.3846,2514256.231,39870,24457.84615,11612407.54,8126071.692,447099.6923,-439587.9231,51757.61538
ASBK.KA,2017 Q4,55.21241935,106.1806452,10.47669355,5.990645161,5.27366E+11,2.18378E+11,2.77716E+11,2896515000,2.74819E+11,-25718446000,8633051000,3.84211E+11,4919666000,4176466000,5620556.846,120872.6923,207271,2760289.154,41012.30769,18463.92308,11749912.77,8347068.923,534942.9231,-442423.1538,57474.23077
ASBK.KA,2018 Q1,62.9057377,111.0455738,12.53081967,6.083278689,5.25805E+11,2.26187E+11,3.14957E+11,6263446000,3.08693E+11,-25646584000,10769262000,3.7588E+11,4828755000,4229100000,6001096.538,121859.5385,223016.1538,2374126.769,42572.92308,19360.69231,11936303.15,7714466.154,593642.4615,-438698.4615,64488.38462
ASBK.KA,2018 Q2,68.06546875,116.5670313,12.66125,6.3796875,5.36759E+11,2.3903E+11,2.45472E+11,3154368000,2.42317E+11,-25255831000,9381271000,3.86225E+11,4555822000,4703404000,6394596.692,125205.6923,228573.1538,2297716.308,49131.23077,23044.38462,12271262.46,7419772.385,680466.3846,-440922.5385,74235.46154
ASBK.KA,2018 Q3,69.68730159,123.17,12.69,7.61047619,5.73185E+11,2.72941E+11,2.83434E+11,3307706000,2.80126E+11,-25164753000,12470060000,4.04511E+11,4739906000,4875495000,6765106.308,115162.1538,205602.8462,2492074.538,52735.61538,21313.46154,12538241.69,7322371.846,780949.0769,-440884.4615,87368.84615
ASBK.KA,2018 Q4,59.96557377,133.4777049,13.51377049,9.31557377,5.68187E+11,2.78907E+11,2.57846E+11,3371897000,2.54474E+11,-25239684000,9940169000,4.06994E+11,4902186000,4801959000,7035843.545,119389.7273,202900.4545,1951694.818,54994.18182,29313.09091,12760693.73,6370828.545,1171643.455,-441292.7273,98236.81818
ASBK.KA,2019 Q1,54.82311475,138.7672131,14.02139344,10.46344262,5.73597E+11,2.96089E+11,2.60234E+11,11171395000,2.49063E+11,-26151824000,15512880000,4.0404E+11,5085543000,5718752000,7246895.385,143807.4615,226991.0769,1694121.077,56178,25569,13032139.15,5890335.769,1308651.923,-449367.8462,111882.9231
ASBK.KA,2019 Q2,59.88015873,146.5609524,14.29449206,11.75634921,5.62645E+11,3.03917E+11,2.34039E+11,33706350000,2.00332E+11,-25797790000,13567939000,3.91785E+11,NA,5137562000,6726644.538,155857.6923,240376.9231,1695937.692,55253.38462,20250.46154,12291688.15,5860284,1060258,-452229.6923,99425.61538
ASBK.KA,2019 Q3,56.33634921,157.5777778,14.13771429,13.56984127,6.38464E+11,3.21358E+11,2.80459E+11,65624419000,2.14835E+11,-25827778000,16358514000,4.5187E+11,NA,5370618000,7353059.846,184626.2308,232662.2308,2916289.615,54696.76923,20072.38462,13749192.23,8173624.385,832060.8462,-466797.8462,115615.1538
ASBK.KA,2019 Q4,56.82095238,155.1090476,13.1072381,13.40920635,6.47853E+11,3.25631E+11,3.29094E+11,1.26547E+11,2.02548E+11,-25888623000,13413133000,4.68292E+11,NA,5909590000,7409763.667,172954.25,212037.4167,2523634.667,52920.25,20528.16667,13966447.75,8140727.083,929145,-478779,120961.6667
ASBK.KA,2020 Q1,45.33516129,155.583871,12.49272581,13.41612903,6.79246E+11,3.25501E+11,3.05396E+11,87716308000,2.17679E+11,-25634948000,23356180000,4.84456E+11,NA,5841186000,7519878.692,186964.8462,222990.3077,2635448.462,49899.69231,34309.69231,14568033.46,8717628.538,948968.6923,-495774,126251.3846
ASBK.KA,2020 Q2,27.96047619,162.9260317,13.0537619,10.27539683,6.9985E+11,3.30498E+11,3.39348E+11,90643257000,2.48704E+11,-25558690000,20022463000,5.10791E+11,NA,8575120000,7596838.889,173571.4444,221864.7778,3116701.556,46240.22222,47258,15053265.22,9862638.111,884497,-505951.7778,130477
ASBK.KA,2020 Q3,40.89171875,166.5221875,13.31084375,7.0953125,7.33983E+11,3.4636E+11,4.89612E+11,1.80829E+11,3.08782E+11,-25818147000,25622855000,5.14658E+11,NA,NA,7379917.75,196514,262099.625,2889112,48095,45928.875,16102282.75,10769294.5,793748.625,-524207.375,123824.25
ASBK.KA,2020 Q4,39.83333333,163.3283333,12.75825,7.226666667,NA,NA,NA,NA,NA,NA,NA,NA,NA,NA,7355429,196514,283003.5,2662321,47422,42551.5,16484836,10956108,815846,-526210,121858
BAFL.KA,2013 Q2,94.04890625,98.42375,8.551109375,9.41875,NA,NA,NA,NA,NA,NA,NA,NA,NA,4038628000,3354604.667,133476.5833,117501.9167,789962.3333,66980.16667,12557.5,6846819.25,3933235.083,166629.25,-396726.6667,40915
BAFL.KA,2013 Q3,105.8304688,102.7576563,8.036515625,9.00671875,4.79628E+11,2.20999E+11,1.4746E+11,16554413000,1.30906E+11,-14878326000,8505828000,2.9843E+11,6068373000,4656009000,3272785.846,135995.3846,125176.7692,460043.8462,72309.61538,13880.30769,7070622.231,3786361.538,254729.1538,-407253.1538,34904.92308
BAFL.KA,2013 Q4,97.5815625,106.7714063,8.02671875,9.57609375,4.93006E+11,2.21895E+11,1.55679E+11,16916159000,1.38763E+11,-15108831000,11488932000,3.16512E+11,4366864000,4376146000,3426507.462,140734.5385,123553.7692,484524.6923,73996.53846,12031.30769,7231520.308,3849126.154,206009.2308,-408984,27678.61538
BAFL.KA,2014 Q1,98.67557377,103.3257377,7.996540984,9.97147541,5.25526E+11,2.47677E+11,1.59231E+11,16860354000,1.42371E+11,-13047447000,9543480000,3.32182E+11,5418931000,4288326000,3557653.615,151176.1538,123706,620547.6154,73847.69231,11019.30769,7526956.154,4134944.154,221543.9231,-404416.6154,29803.76923
BAFL.KA,2014 Q2,103.0392063,98.18111111,7.797952381,10.00111111,5.01477E+11,2.45867E+11,1.70414E+11,25236200000,1.45178E+11,-13029029000,10749215000,3.17458E+11,4885252000,5280201000,3637117.077,147945.0769,140846.0769,759981.3077,73194.23077,10056.92308,7697086,4328704.385,278741.7692,-402655.9231,28641.46154
BAFL.KA,2014 Q3,97.6321875,100.3034375,8.332765625,9.968125,5.55667E+11,2.63831E+11,2.20088E+11,66355204000,1.53733E+11,-13111585000,14966505000,3.21434E+11,15136918000,5903724000,3691597.615,131720.3846,143868.2308,620979.2308,71771.84615,8538.923077,7994732.385,4381218.154,288290.6923,-413730.1538,29606.38462
BAFL.KA,2014 Q4,73.21125,101.798125,8.163734375,9.7378125,5.63599E+11,2.83273E+11,2.15083E+11,66549376000,1.48533E+11,-13635429000,13029436000,3.63455E+11,5671115000,6401223000,3648248.692,142519.8462,137081.5385,664252.6923,71889.84615,11309.46154,7746917.538,4246624.231,289184.0769,-411976.1538,30962.30769
BAFL.KA,2015 Q1,48.47409836,101.2793443,8.074163934,8.471311475,6.05963E+11,2.95119E+11,2.53642E+11,68945874000,1.84696E+11,-14250810000,11758155000,3.83133E+11,6728458000,6801608000,3887476.846,132537.1538,148137.8462,1230866,61080.61538,26438,8401234,5431944.923,290852.9231,-419973,33677.53846
BAFL.KA,2015 Q2,57.85460317,101.7547619,8.809365079,7.264285714,5.75138E+11,2.94911E+11,2.66445E+11,67094073000,1.99351E+11,-14923066000,10780045000,NA,NA,7107113000,3689979,123802.1538,150430.6154,1132396.077,60883.23077,30221.53846,8026546.923,5062602.231,293005.9231,-419203.1538,37083.30769
BAFL.KA,2015 Q3,46.48609375,102.82,9.067203125,6.8175,6.04544E+11,3.18473E+11,3.00083E+11,70023045000,2.3006E+11,-15354921000,12576325000,3.61999E+11,11349251000,7296913000,3379763.615,132851.6923,131167.1538,646777.6923,68970.38462,18251.92308,7360381.308,4186264.231,256655.0769,-411796.3077,34408.15385
BAFL.KA,2015 Q4,41.9365625,104.8409375,10.751375,6.44828125,5.85576E+11,3.17168E+11,3.06284E+11,69739505000,2.36544E+11,-15470912000,12371490000,3.64355E+11,7064123000,7388075000,3364486,131427.25,120498,441942,73695.25,10013.25,7121574.5,3768596,182292.25,-409906.25,28871.5
BAFL.KA,2016 Q1,33.4442623,104.6467213,12.83183607,6.261147541,6.40137E+11,3.32642E+11,3.68186E+11,95531296000,2.72655E+11,-16192819000,9733929000,3.9685E+11,6849023000,7101047000,3947590.385,152194.9231,156260,1180214.923,61570.53846,23480.30769,8654262.077,5458624.846,283780.7692,-425438.2308,34792.15385
BAFL.KA,2016 Q2,45.5271875,104.5798438,13.22853125,6.0984375,6.23314E+11,3.21476E+11,3.71326E+11,1.06856E+11,2.6447E+11,-16399826000,11323324000,3.81881E+11,6192701000,7555399000,3859448,137792.6923,150128,983699.3846,67817.61538,16733.69231,8365590.538,5041054.462,285878.2308,-419600.6923,34598.61538
BAFL.KA,2016 Q3,44.85796875,104.5685938,13.98870313,5.9203125,6.40046E+11,3.3691E+11,3.68833E+11,1.13805E+11,2.55027E+11,-16478314000,14194138000,3.65769E+11,10804566000,7034080000,3596565.643,137476.5,129575.7143,969414.0714,69417.57143,11930.64286,7379305.643,4372211.571,215566.2143,-405060.9286,39296.07143
BAFL.KA,2016 Q4,49.15904762,104.6315873,12.32236508,5.910952381,6.41345E+11,3.25017E+11,3.43734E+11,61138269000,2.82596E+11,-16388510000,11419727000,3.76664E+11,7537898000,7080150000,3343133.917,133992.25,102796.8333,823332.9167,68242.5,11257.5,6718650.417,3900781.75,148672.5,-396652.75,42093.16667
BAFL.KA,2017 Q1,51.62129032,104.686129,11.15024194,5.941854839,6.40854E+11,4.08873E+11,3.89667E+11,NA,NA,NA,12886990000,NA,NA,7422081000,4900073.846,132908.9231,185680.0769,1904360,50979.61538,38620.30769,10705673.23,7402724.154,401320.3846,-443683.3846,47593.92308
BAFL.KA,2017 Q2,48.10968254,104.6852381,9.497555556,5.98452381,6.00152E+11,3.93254E+11,3.12491E+11,33220076000,2.79271E+11,-16956622000,12020962000,3.14621E+11,6493409000,7845911000,5276178.231,136046,212490.7692,2323198.769,46377.53846,35283.07692,11181600.23,7818049.615,406816.5385,-439119.3077,47343.84615
BAFL.KA,2017 Q3,48.18177419,105.2569355,8.733774194,5.993709677,6.56444E+11,4.20217E+11,2.99116E+11,33756624000,2.6536E+11,-16752859000,12597296000,3.46967E+11,5949604000,7347864000,5435555.923,140690.7692,209217.3846,2514256.231,39870,24457.84615,11612407.54,8126071.692,447099.6923,-439587.9231,51757.61538
BAFL.KA,2017 Q4,55.21241935,106.1806452,10.47669355,5.990645161,6.61168E+11,4.14473E+11,3.3192E+11,34343520000,2.97576E+11,-16353416000,11110253000,3.71992E+11,7420689000,6821011000,5620556.846,120872.6923,207271,2760289.154,41012.30769,18463.92308,11749912.77,8347068.923,534942.9231,-442423.1538,57474.23077
BAFL.KA,2018 Q1,62.9057377,111.0455738,12.53081967,6.083278689,6.44925E+11,4.06649E+11,3.68184E+11,33301968000,3.34882E+11,-16527779000,20882970000,3.75628E+11,10386458000,7552944000,6001096.538,121859.5385,223016.1538,2374126.769,42572.92308,19360.69231,11936303.15,7714466.154,593642.4615,-438698.4615,64488.38462
BAFL.KA,2018 Q2,68.06546875,116.5670313,12.66125,6.3796875,6.44451E+11,4.03436E+11,2.2215E+11,29639129000,1.92511E+11,-16318452000,11780274000,3.56997E+11,7290406000,7802679000,6394596.692,125205.6923,228573.1538,2297716.308,49131.23077,23044.38462,12271262.46,7419772.385,680466.3846,-440922.5385,74235.46154
BAFL.KA,2018 Q3,69.68730159,123.17,12.69,7.61047619,6.68E+11,4.6978E+11,2.49738E+11,31046338000,2.18691E+11,-15965790000,10346213000,3.52743E+11,7967043000,7885133000,6765106.308,115162.1538,205602.8462,2492074.538,52735.61538,21313.46154,12538241.69,7322371.846,780949.0769,-440884.4615,87368.84615
BAFL.KA,2018 Q4,59.96557377,133.4777049,13.51377049,9.31557377,6.80345E+11,4.62387E+11,1.61325E+11,29314588000,1.31998E+11,-15857257000,10563367000,3.80337E+11,9152177000,8684989000,7035843.545,119389.7273,202900.4545,1951694.818,54994.18182,29313.09091,12760693.73,6370828.545,1171643.455,-441292.7273,98236.81818
BAFL.KA,2019 Q1,54.82311475,138.7672131,14.02139344,10.46344262,7.02847E+11,4.99763E+11,2.2045E+11,30646216000,1.89803E+11,-16757984000,35988225000,4.03295E+11,11985323000,11163425000,7246895.385,143807.4615,226991.0769,1694121.077,56178,25569,13032139.15,5890335.769,1308651.923,-449367.8462,111882.9231
BAFL.KA,2019 Q2,59.88015873,146.5609524,14.29449206,11.75634921,6.87881E+11,4.74765E+11,1.33149E+11,34360586000,98788227000,-17066467000,45045816000,3.70445E+11,11404659000,10501738000,6726644.538,155857.6923,240376.9231,1695937.692,55253.38462,20250.46154,12291688.15,5860284,1060258,-452229.6923,99425.61538
BAFL.KA,2019 Q3,56.33634921,157.5777778,14.13771429,13.56984127,7.40547E+11,4.95356E+11,1.98781E+11,31242821000,1.67538E+11,-16966186000,38001457000,3.70732E+11,14217262000,11651913000,7353059.846,184626.2308,232662.2308,2916289.615,54696.76923,20072.38462,13749192.23,8173624.385,832060.8462,-466797.8462,115615.1538
BAFL.KA,2019 Q4,56.82095238,155.1090476,13.1072381,13.40920635,7.11201E+11,4.78083E+11,2.76475E+11,33234041000,2.43241E+11,-17588921000,29733572000,3.79151E+11,11115102000,11560297000,7409763.667,172954.25,212037.4167,2523634.667,52920.25,20528.16667,13966447.75,8140727.083,929145,-478779,120961.6667
BAFL.KA,2020 Q1,45.33516129,155.583871,12.49272581,13.41612903,7.82275E+11,4.93836E+11,2.70656E+11,33184545000,2.37472E+11,-18736269000,28234673000,4.30726E+11,11753694000,11779919000,7519878.692,186964.8462,222990.3077,2635448.462,49899.69231,34309.69231,14568033.46,8717628.538,948968.6923,-495774,126251.3846
BAFL.KA,2020 Q2,27.96047619,162.9260317,13.0537619,10.27539683,7.55128E+11,4.8672E+11,3.03786E+11,23937823000,2.79848E+11,-19572964000,31452863000,4.08846E+11,12228154000,11577116000,7596838.889,173571.4444,221864.7778,3116701.556,46240.22222,47258,15053265.22,9862638.111,884497,-505951.7778,130477
BAFL.KA,2020 Q3,40.89171875,166.5221875,13.31084375,7.0953125,8.08083E+11,5.0127E+11,4.14837E+11,23935887000,3.90901E+11,-23088806000,47479267000,4.20809E+11,13386967000,NA,7379917.75,196514,262099.625,2889112,48095,45928.875,16102282.75,10769294.5,793748.625,-524207.375,123824.25
BAFL.KA,2020 Q4,39.83333333,163.3283333,12.75825,7.226666667,NA,NA,NA,NA,NA,NA,NA,NA,NA,NA,7355429,196514,283003.5,2662321,47422,42551.5,16484836,10956108,815846,-526210,121858
BKEQ.KA,2013 Q2,94.04890625,98.42375,8.551109375,9.41875,NA,NA,NA,NA,NA,NA,NA,NA,NA,3483205000,3354604.667,133476.5833,117501.9167,789962.3333,66980.16667,12557.5,6846819.25,3933235.083,166629.25,-396726.6667,40915
BKEQ.KA,2013 Q3,105.8304688,102.7576563,8.036515625,9.00671875,3.64659E+11,1.35253E+11,2.63108E+11,76823485000,1.86285E+11,-5851478000,NA,3.64659E+11,NA,3584430000,3272785.846,135995.3846,125176.7692,460043.8462,72309.61538,13880.30769,7070622.231,3786361.538,254729.1538,-407253.1538,34904.92308
BKEQ.KA,2013 Q4,97.5815625,106.7714063,8.02671875,9.57609375,3.69615E+11,1.36308E+11,2.30692E+11,30749747000,1.99942E+11,-6115334000,NA,3.69615E+11,NA,3665580000,3426507.462,140734.5385,123553.7692,484524.6923,73996.53846,12031.30769,7231520.308,3849126.154,206009.2308,-408984,27678.61538
BKEQ.KA,2014 Q1,98.67557377,103.3257377,7.996540984,9.97147541,3.86099E+11,1.47279E+11,2.34952E+11,1.01513E+11,1.33439E+11,-6083195000,NA,3.86099E+11,NA,4078470000,3557653.615,151176.1538,123706,620547.6154,73847.69231,11019.30769,7526956.154,4134944.154,221543.9231,-404416.6154,29803.76923
BKEQ.KA,2014 Q2,103.0392063,98.18111111,7.797952381,10.00111111,3.96408E+11,1.49615E+11,2.66985E+11,84036920000,1.82948E+11,-6144521000,NA,3.96408E+11,NA,4598720000,3637117.077,147945.0769,140846.0769,759981.3077,73194.23077,10056.92308,7697086,4328704.385,278741.7692,-402655.9231,28641.46154
BKEQ.KA,2014 Q3,97.6321875,100.3034375,8.332765625,9.968125,4.16992E+11,1.41946E+11,2.59995E+11,97092478000,1.62903E+11,-6177581000,NA,4.16992E+11,NA,5008797000,3691597.615,131720.3846,143868.2308,620979.2308,71771.84615,8538.923077,7994732.385,4381218.154,288290.6923,-413730.1538,29606.38462
BKEQ.KA,2014 Q4,73.21125,101.798125,8.163734375,9.7378125,4.36312E+11,1.54933E+11,2.81391E+11,1.12018E+11,1.69373E+11,-6377700000,NA,4.36312E+11,NA,5387965000,3648248.692,142519.8462,137081.5385,664252.6923,71889.84615,11309.46154,7746917.538,4246624.231,289184.0769,-411976.1538,30962.30769
BKEQ.KA,2015 Q1,48.47409836,101.2793443,8.074163934,8.471311475,4.46311E+11,1.6347E+11,3.21792E+11,1.1582E+11,2.05972E+11,-6615999000,NA,4.46311E+11,NA,5813917000,3887476.846,132537.1538,148137.8462,1230866,61080.61538,26438,8401234,5431944.923,290852.9231,-419973,33677.53846
BKEQ.KA,2015 Q2,57.85460317,101.7547619,8.809365079,7.264285714,4.57462E+11,1.6734E+11,3.60286E+11,1.15964E+11,2.44321E+11,-7597146000,NA,4.57462E+11,NA,6182366000,3689979,123802.1538,150430.6154,1132396.077,60883.23077,30221.53846,8026546.923,5062602.231,293005.9231,-419203.1538,37083.30769
BKEQ.KA,2015 Q3,46.48609375,102.82,9.067203125,6.8175,4.8938E+11,1.90096E+11,3.33814E+11,1.16178E+11,2.17636E+11,-7755109000,NA,4.8938E+11,NA,6297134000,3379763.615,132851.6923,131167.1538,646777.6923,68970.38462,18251.92308,7360381.308,4186264.231,256655.0769,-411796.3077,34408.15385
BKEQ.KA,2015 Q4,41.9365625,104.8409375,10.751375,6.44828125,4.81646E+11,1.88256E+11,3.6419E+11,1.14688E+11,2.49502E+11,-8007815000,NA,4.81646E+11,NA,6541289000,3364486,131427.25,120498,441942,73695.25,10013.25,7121574.5,3768596,182292.25,-409906.25,28871.5
BKEQ.KA,2016 Q1,33.4442623,104.6467213,12.83183607,6.261147541,5.16198E+11,1.97718E+11,3.43301E+11,1.30462E+11,2.12839E+11,-8413650000,NA,5.16198E+11,NA,6253362000,3947590.385,152194.9231,156260,1180214.923,61570.53846,23480.30769,8654262.077,5458624.846,283780.7692,-425438.2308,34792.15385
BKEQ.KA,2016 Q2,45.5271875,104.5798438,13.22853125,6.0984375,5.29837E+11,1.97465E+11,4.30789E+11,1.30579E+11,3.00209E+11,-7236738000,NA,5.29837E+11,NA,6513329000,3859448,137792.6923,150128,983699.3846,67817.61538,16733.69231,8365590.538,5041054.462,285878.2308,-419600.6923,34598.61538
BKEQ.KA,2016 Q3,44.85796875,104.5685938,13.98870313,5.9203125,5.49913E+11,2.2976E+11,4.04603E+11,1.30782E+11,2.7382E+11,-7545628000,NA,5.49913E+11,NA,5909691000,3596565.643,137476.5,129575.7143,969414.0714,69417.57143,11930.64286,7379305.643,4372211.571,215566.2143,-405060.9286,39296.07143
BKEQ.KA,2016 Q4,49.15904762,104.6315873,12.32236508,5.910952381,5.74026E+11,2.24747E+11,3.88964E+11,90984462000,2.97979E+11,-7486211000,NA,5.74026E+11,NA,6011718000,3343133.917,133992.25,102796.8333,823332.9167,68242.5,11257.5,6718650.417,3900781.75,148672.5,-396652.75,42093.16667
BKEQ.KA,2017 Q1,51.62129032,104.686129,11.15024194,5.941854839,5.84166E+11,2.47222E+11,3.86813E+11,91101157000,2.95712E+11,-7827169000,NA,5.84166E+11,NA,6207828000,4900073.846,132908.9231,185680.0769,1904360,50979.61538,38620.30769,10705673.23,7402724.154,401320.3846,-443683.3846,47593.92308
BKEQ.KA,2017 Q2,48.10968254,104.6852381,9.497555556,5.98452381,6.24664E+11,2.76317E+11,4.07637E+11,91179783000,3.16457E+11,-7626967000,NA,6.24664E+11,NA,6540408000,5276178.231,136046,212490.7692,2323198.769,46377.53846,35283.07692,11181600.23,7818049.615,406816.5385,-439119.3077,47343.84615
BKEQ.KA,2017 Q3,48.18177419,105.2569355,8.733774194,5.993709677,6.52331E+11,2.89851E+11,4.0331E+11,91308773000,3.12001E+11,-7958209000,NA,6.52331E+11,NA,6459071000,5435555.923,140690.7692,209217.3846,2514256.231,39870,24457.84615,11612407.54,8126071.692,447099.6923,-439587.9231,51757.61538
BKEQ.KA,2017 Q4,55.21241935,106.1806452,10.47669355,5.990645161,6.71275E+11,2.83514E+11,4.46732E+11,77709062000,3.69023E+11,-7974876000,NA,6.71275E+11,NA,6728737000,5620556.846,120872.6923,207271,2760289.154,41012.30769,18463.92308,11749912.77,8347068.923,534942.9231,-442423.1538,57474.23077
BKEQ.KA,2018 Q1,62.9057377,111.0455738,12.53081967,6.083278689,6.92534E+11,3.18787E+11,4.75232E+11,81594139000,3.93637E+11,-7632660000,NA,6.82298E+11,10236274000,7030317000,6001096.538,121859.5385,223016.1538,2374126.769,42572.92308,19360.69231,11936303.15,7714466.154,593642.4615,-438698.4615,64488.38462
BKEQ.KA,2018 Q2,68.06546875,116.5670313,12.66125,6.3796875,7.18186E+11,3.35067E+11,4.02919E+11,77875998000,3.25043E+11,-7401558000,NA,7.18186E+11,NA,7889312000,6394596.692,125205.6923,228573.1538,2297716.308,49131.23077,23044.38462,12271262.46,7419772.385,680466.3846,-440922.5385,74235.46154
BKEQ.KA,2018 Q3,69.68730159,123.17,12.69,7.61047619,7.48759E+11,4.2491E+11,4.22408E+11,77990670000,3.44417E+11,-7440780000,NA,7.48759E+11,NA,7585114000,6765106.308,115162.1538,205602.8462,2492074.538,52735.61538,21313.46154,12538241.69,7322371.846,780949.0769,-440884.4615,87368.84615
BKEQ.KA,2018 Q4,59.96557377,133.4777049,13.51377049,9.31557377,7.68757E+11,4.28783E+11,3.39963E+11,43616681000,2.96346E+11,-7537455000,NA,7.68757E+11,NA,8399808000,7035843.545,119389.7273,202900.4545,1951694.818,54994.18182,29313.09091,12760693.73,6370828.545,1171643.455,-441292.7273,98236.81818
BKEQ.KA,2019 Q1,54.82311475,138.7672131,14.02139344,10.46344262,7.96852E+11,4.5528E+11,4.13796E+11,48136011000,3.6566E+11,-7730179000,NA,7.77774E+11,19077637000,9852138000,7246895.385,143807.4615,226991.0769,1694121.077,56178,25569,13032139.15,5890335.769,1308651.923,-449367.8462,111882.9231
BKEQ.KA,2019 Q2,59.88015873,146.5609524,14.29449206,11.75634921,8.20077E+11,4.60547E+11,3.85151E+11,65010579000,3.2014E+11,-8087789000,958492000,7.93151E+11,26926332000,9679673000,6726644.538,155857.6923,240376.9231,1695937.692,55253.38462,20250.46154,12291688.15,5860284,1060258,-452229.6923,99425.61538
BKEQ.KA,2019 Q3,56.33634921,157.5777778,14.13771429,13.56984127,8.82565E+11,4.77252E+11,4.51384E+11,77984427000,3.734E+11,-8951057000,3693926000,8.55126E+11,27439334000,10495928000,7353059.846,184626.2308,232662.2308,2916289.615,54696.76923,20072.38462,13749192.23,8173624.385,832060.8462,-466797.8462,115615.1538
BKEQ.KA,2019 Q4,56.82095238,155.1090476,13.1072381,13.40920635,8.69167E+11,4.66816E+11,6.22193E+11,1.2764E+11,4.94553E+11,-9287589000,3187510000,8.42208E+11,26959500000,11176470000,7409763.667,172954.25,212037.4167,2523634.667,52920.25,20528.16667,13966447.75,8140727.083,929145,-478779,120961.6667
BKEQ.KA,2020 Q1,45.33516129,155.583871,12.49272581,13.41612903,9.10755E+11,4.57448E+11,5.85038E+11,1.45157E+11,4.39881E+11,-9590721000,8646797000,8.83742E+11,27013271000,11260611000,7519878.692,186964.8462,222990.3077,2635448.462,49899.69231,34309.69231,14568033.46,8717628.538,948968.6923,-495774,126251.3846
BKEQ.KA,2020 Q2,27.96047619,162.9260317,13.0537619,10.27539683,9.97911E+11,5.02523E+11,6.35486E+11,1.31625E+11,5.03861E+11,-9814003000,4961742000,9.69827E+11,28083634000,15817536000,7596838.889,173571.4444,221864.7778,3116701.556,46240.22222,47258,15053265.22,9862638.111,884497,-505951.7778,130477
BKEQ.KA,2020 Q3,40.89171875,166.5221875,13.31084375,7.0953125,1.04859E+12,4.94559E+11,7.90931E+11,1.64434E+11,6.26497E+11,-11455063000,1829185000,1.01512E+12,33464508000,NA,7379917.75,196514,262099.625,2889112,48095,45928.875,16102282.75,10769294.5,793748.625,-524207.375,123824.25
BKEQ.KA,2020 Q4,39.83333333,163.3283333,12.75825,7.226666667,NA,NA,NA,NA,NA,NA,NA,NA,NA,NA,7355429,196514,283003.5,2662321,47422,42551.5,16484836,10956108,815846,-526210,121858
FYBL.KA,2013 Q2,94.04890625,98.42375,8.551109375,9.41875,NA,NA,NA,NA,NA,NA,NA,NA,NA,2187463000,3354604.667,133476.5833,117501.9167,789962.3333,66980.16667,12557.5,6846819.25,3933235.083,166629.25,-396726.6667,40915
FYBL.KA,2013 Q3,105.8304688,102.7576563,8.036515625,9.00671875,2.42804E+11,1.74886E+11,1.0441E+11,NA,NA,-18796761000,NA,1.55143E+11,NA,3159832000,3272785.846,135995.3846,125176.7692,460043.8462,72309.61538,13880.30769,7070622.231,3786361.538,254729.1538,-407253.1538,34904.92308
FYBL.KA,2013 Q4,97.5815625,106.7714063,8.02671875,9.57609375,2.46707E+11,1.82505E+11,59006471000,5295553000,53710918000,-19581158000,NA,1.67429E+11,NA,3207666000,3426507.462,140734.5385,123553.7692,484524.6923,73996.53846,12031.30769,7231520.308,3849126.154,206009.2308,-408984,27678.61538
FYBL.KA,2014 Q1,98.67557377,103.3257377,7.996540984,9.97147541,2.71134E+11,1.8419E+11,84741934000,6389487000,78352447000,-20152882000,NA,1.813E+11,NA,3320210000,3557653.615,151176.1538,123706,620547.6154,73847.69231,11019.30769,7526956.154,4134944.154,221543.9231,-404416.6154,29803.76923
FYBL.KA,2014 Q2,103.0392063,98.18111111,7.797952381,10.00111111,2.66054E+11,1.78747E+11,58664551000,6284337000,52380214000,-21900043000,NA,1.78969E+11,NA,3359350000,3637117.077,147945.0769,140846.0769,759981.3077,73194.23077,10056.92308,7697086,4328704.385,278741.7692,-402655.9231,28641.46154
FYBL.KA,2014 Q3,97.6321875,100.3034375,8.332765625,9.968125,2.71944E+11,1.75596E+11,1.02963E+11,15919904000,87042707000,-22725840000,NA,1.70897E+11,NA,3275914000,3691597.615,131720.3846,143868.2308,620979.2308,71771.84615,8538.923077,7994732.385,4381218.154,288290.6923,-413730.1538,29606.38462
FYBL.KA,2014 Q4,73.21125,101.798125,8.163734375,9.7378125,2.67085E+11,1.74548E+11,99758187000,25753563000,74004624000,-23083241000,NA,1.76589E+11,NA,3876968000,3648248.692,142519.8462,137081.5385,664252.6923,71889.84615,11309.46154,7746917.538,4246624.231,289184.0769,-411976.1538,30962.30769
FYBL.KA,2015 Q1,48.47409836,101.2793443,8.074163934,8.471311475,2.87004E+11,1.75958E+11,97504688000,26405302000,71099386000,-23451267000,2392099000,1.85289E+11,3658600000,3765013000,3887476.846,132537.1538,148137.8462,1230866,61080.61538,26438,8401234,5431944.923,290852.9231,-419973,33677.53846
FYBL.KA,2015 Q2,57.85460317,101.7547619,8.809365079,7.264285714,2.76869E+11,1.72112E+11,1.05564E+11,26229766000,79334409000,-23583239000,NA,1.79859E+11,NA,3455885000,3689979,123802.1538,150430.6154,1132396.077,60883.23077,30221.53846,8026546.923,5062602.231,293005.9231,-419203.1538,37083.30769
FYBL.KA,2015 Q3,46.48609375,102.82,9.067203125,6.8175,2.96156E+11,1.99997E+11,1.73209E+11,26052788000,1.47156E+11,-24224906000,NA,1.88333E+11,NA,3397555000,3379763.615,132851.6923,131167.1538,646777.6923,68970.38462,18251.92308,7360381.308,4186264.231,256655.0769,-411796.3077,34408.15385
FYBL.KA,2015 Q4,41.9365625,104.8409375,10.751375,6.44828125,2.88708E+11,1.92652E+11,1.72777E+11,26864657000,1.45912E+11,-24407974000,NA,1.92837E+11,NA,3336129000,3364486,131427.25,120498,441942,73695.25,10013.25,7121574.5,3768596,182292.25,-409906.25,28871.5
FYBL.KA,2016 Q1,33.4442623,104.6467213,12.83183607,6.261147541,2.9213E+11,1.73603E+11,1.07971E+11,26901163000,48488623000,-24464220000,NA,1.88052E+11,NA,3145157000,3947590.385,152194.9231,156260,1180214.923,61570.53846,23480.30769,8654262.077,5458624.846,283780.7692,-425438.2308,34792.15385
FYBL.KA,2016 Q2,45.5271875,104.5798438,13.22853125,6.0984375,2.96718E+11,1.75666E+11,1.2255E+11,26816213000,54112480000,-24653562000,NA,1.93385E+11,NA,2916181000,3859448,137792.6923,150128,983699.3846,67817.61538,16733.69231,8365590.538,5041054.462,285878.2308,-419600.6923,34598.61538
FYBL.KA,2016 Q3,44.85796875,104.5685938,13.98870313,5.9203125,3.15083E+11,1.88135E+11,1.19711E+11,41376233000,56983719000,-25034096000,NA,1.97099E+11,NA,2838144000,3596565.643,137476.5,129575.7143,969414.0714,69417.57143,11930.64286,7379305.643,4372211.571,215566.2143,-405060.9286,39296.07143
FYBL.KA,2016 Q4,49.15904762,104.6315873,12.32236508,5.910952381,3.14467E+11,1.752E+11,1.25537E+11,32137040000,47755890000,-24882854000,NA,2.01798E+11,NA,3166925000,3343133.917,133992.25,102796.8333,823332.9167,68242.5,11257.5,6718650.417,3900781.75,148672.5,-396652.75,42093.16667
FYBL.KA,2017 Q1,51.62129032,104.686129,11.15024194,5.941854839,3.39633E+11,2.04831E+11,1.7021E+11,NA,NA,NA,NA,NA,NA,3513022000,4900073.846,132908.9231,185680.0769,1904360,50979.61538,38620.30769,10705673.23,7402724.154,401320.3846,-443683.3846,47593.92308
FYBL.KA,2017 Q2,48.10968254,104.6852381,9.497555556,5.98452381,3.37643E+11,1.94779E+11,1.32525E+11,24234482000,32650917000,-24809044000,NA,2.08904E+11,NA,3497029000,5276178.231,136046,212490.7692,2323198.769,46377.53846,35283.07692,11181600.23,7818049.615,406816.5385,-439119.3077,47343.84615
FYBL.KA,2017 Q3,48.18177419,105.2569355,8.733774194,5.993709677,3.54499E+11,2.07962E+11,1.0554E+11,26384266000,29732126000,-24424386000,NA,2.11536E+11,NA,3349133000,5435555.923,140690.7692,209217.3846,2514256.231,39870,24457.84615,11612407.54,8126071.692,447099.6923,-439587.9231,51757.61538
FYBL.KA,2017 Q4,55.21241935,106.1806452,10.47669355,5.990645161,3.58826E+11,2.10709E+11,1.45622E+11,16650335000,25519376000,-24203710000,NA,2.23271E+11,NA,3576011000,5620556.846,120872.6923,207271,2760289.154,41012.30769,18463.92308,11749912.77,8347068.923,534942.9231,-442423.1538,57474.23077
FYBL.KA,2018 Q1,62.9057377,111.0455738,12.53081967,6.083278689,3.71624E+11,2.25E+11,1.46123E+11,15160978000,1.30962E+11,-24295067000,NA,2.2784E+11,NA,3380058000,6001096.538,121859.5385,223016.1538,2374126.769,42572.92308,19360.69231,11936303.15,7714466.154,593642.4615,-438698.4615,64488.38462
FYBL.KA,2018 Q2,68.06546875,116.5670313,12.66125,6.3796875,3.84495E+11,2.49432E+11,1.33642E+11,16419619000,4547373000,-23985084000,NA,2.33888E+11,NA,3831126000,6394596.692,125205.6923,228573.1538,2297716.308,49131.23077,23044.38462,12271262.46,7419772.385,680466.3846,-440922.5385,74235.46154
FYBL.KA,2018 Q3,69.68730159,123.17,12.69,7.61047619,3.93864E+11,2.84437E+11,1.01324E+11,17858452000,4436588000,-23742229000,NA,2.48048E+11,NA,3838663000,6765106.308,115162.1538,205602.8462,2492074.538,52735.61538,21313.46154,12538241.69,7322371.846,780949.0769,-440884.4615,87368.84615
FYBL.KA,2018 Q4,59.96557377,133.4777049,13.51377049,9.31557377,3.99424E+11,2.91316E+11,1.0349E+11,17613026000,1038240000,-23554496000,NA,2.58134E+11,NA,5226453000,7035843.545,119389.7273,202900.4545,1951694.818,54994.18182,29313.09091,12760693.73,6370828.545,1171643.455,-441292.7273,98236.81818
FYBL.KA,2019 Q1,54.82311475,138.7672131,14.02139344,10.46344262,4.09384E+11,2.90954E+11,1.81926E+11,16591253000,1.65335E+11,-23813448000,NA,2.78387E+11,NA,4947133000,7246895.385,143807.4615,226991.0769,1694121.077,56178,25569,13032139.15,5890335.769,1308651.923,-449367.8462,111882.9231
FYBL.KA,2019 Q2,59.88015873,146.5609524,14.29449206,11.75634921,4.23956E+11,2.90906E+11,1.18764E+11,16344413000,1.0242E+11,-23620109000,21309494000,2.82898E+11,1839492000,5111722000,6726644.538,155857.6923,240376.9231,1695937.692,55253.38462,20250.46154,12291688.15,5860284,1060258,-452229.6923,99425.61538
FYBL.KA,2019 Q3,56.33634921,157.5777778,14.13771429,13.56984127,4.559E+11,2.98787E+11,1.47856E+11,15282011000,1.32574E+11,-24081341000,19636697000,2.9907E+11,1624503000,5083195000,7353059.846,184626.2308,232662.2308,2916289.615,54696.76923,20072.38462,13749192.23,8173624.385,832060.8462,-466797.8462,115615.1538
FYBL.KA,2019 Q4,56.82095238,155.1090476,13.1072381,13.40920635,4.35138E+11,3.02545E+11,1.78118E+11,15033442000,1.63084E+11,-24099932000,14852365000,2.90986E+11,1436849000,5984484000,7409763.667,172954.25,212037.4167,2523634.667,52920.25,20528.16667,13966447.75,8140727.083,929145,-478779,120961.6667
FYBL.KA,2020 Q1,45.33516129,155.583871,12.49272581,13.41612903,4.57785E+11,3.03177E+11,1.72354E+11,13969485000,1.58385E+11,-24237675000,28928657000,3.10867E+11,NA,6526662000,7519878.692,186964.8462,222990.3077,2635448.462,49899.69231,34309.69231,14568033.46,8717628.538,948968.6923,-495774,126251.3846
FYBL.KA,2020 Q2,27.96047619,162.9260317,13.0537619,10.27539683,4.62035E+11,2.95997E+11,1.88438E+11,13860865000,1.74577E+11,-24548791000,29810060000,3.16814E+11,1055862000,6691569000,7596838.889,173571.4444,221864.7778,3116701.556,46240.22222,47258,15053265.22,9862638.111,884497,-505951.7778,130477
FYBL.KA,2020 Q3,40.89171875,166.5221875,13.31084375,7.0953125,4.97291E+11,2.93973E+11,2.0694E+11,12936665000,1.94004E+11,-24940025000,17691728000,3.2505E+11,925253000,NA,7379917.75,196514,262099.625,2889112,48095,45928.875,16102282.75,10769294.5,793748.625,-524207.375,123824.25
FYBL.KA,2020 Q4,39.83333333,163.3283333,12.75825,7.226666667,NA,NA,NA,NA,NA,NA,NA,NA,NA,NA,7355429,196514,283003.5,2662321,47422,42551.5,16484836,10956108,815846,-526210,121858
HBL.KA,2013 Q2,94.04890625,98.42375,8.551109375,9.41875,NA,NA,NA,NA,NA,NA,NA,NA,NA,13054860000,3354604.667,133476.5833,117501.9167,789962.3333,66980.16667,12557.5,6846819.25,3933235.083,166629.25,-396726.6667,40915
HBL.KA,2013 Q3,105.8304688,102.7576563,8.036515625,9.00671875,1.25882E+12,4.81459E+11,8.17282E+11,77833578000,7.39448E+11,-46597329000,1.69935E+11,8.89398E+11,NA,14174672000,3272785.846,135995.3846,125176.7692,460043.8462,72309.61538,13880.30769,7070622.231,3786361.538,254729.1538,-407253.1538,34904.92308
HBL.KA,2013 Q4,97.5815625,106.7714063,8.02671875,9.57609375,1.26789E+12,4.96251E+11,7.40657E+11,79841765000,6.62896E+11,-47507744000,NA,8.90558E+11,NA,14980959000,3426507.462,140734.5385,123553.7692,484524.6923,73996.53846,12031.30769,7231520.308,3849126.154,206009.2308,-408984,27678.61538
HBL.KA,2014 Q1,98.67557377,103.3257377,7.996540984,9.97147541,1.40123E+12,5.63701E+11,7.80824E+11,80355933000,7.00468E+11,-42370127000,NA,9.89739E+11,NA,14487627000,3557653.615,151176.1538,123706,620547.6154,73847.69231,11019.30769,7526956.154,4134944.154,221543.9231,-404416.6154,29803.76923
HBL.KA,2014 Q2,103.0392063,98.18111111,7.797952381,10.00111111,1.30659E+12,5.54885E+11,8.50701E+11,1.12308E+11,7.37136E+11,-39904328000,NA,8.87866E+11,NA,17476513000,3637117.077,147945.0769,140846.0769,759981.3077,73194.23077,10056.92308,7697086,4328704.385,278741.7692,-402655.9231,28641.46154
HBL.KA,2014 Q3,97.6321875,100.3034375,8.332765625,9.968125,1.45023E+12,5.76956E+11,7.13016E+11,1.1378E+11,5.99237E+11,-37093983000,573088000,9.46275E+11,NA,17469145000,3691597.615,131720.3846,143868.2308,620979.2308,71771.84615,8538.923077,7994732.385,4381218.154,288290.6923,-413730.1538,29606.38462
HBL.KA,2014 Q4,73.21125,101.798125,8.163734375,9.7378125,1.41916E+12,5.80714E+11,7.44422E+11,1.16491E+11,6.27931E+11,-38810717000,953809000,9.52862E+11,NA,19251591000,3648248.692,142519.8462,137081.5385,664252.6923,71889.84615,11309.46154,7746917.538,4246624.231,289184.0769,-411976.1538,30962.30769
HBL.KA,2015 Q1,48.47409836,101.2793443,8.074163934,8.471311475,1.52464E+12,5.95295E+11,8.57381E+11,1.15498E+11,7.24595E+11,-66180877000,569105000,1.00306E+12,NA,19079483000,3887476.846,132537.1538,148137.8462,1230866,61080.61538,26438,8401234,5431944.923,290852.9231,-419973,33677.53846
HBL.KA,2015 Q2,57.85460317,101.7547619,8.809365079,7.264285714,1.51828E+12,5.69355E+11,1.01142E+12,1.44675E+11,8.42126E+11,-65952136000,606094000,9.91285E+11,NA,19843987000,3689979,123802.1538,150430.6154,1132396.077,60883.23077,30221.53846,8026546.923,5062602.231,293005.9231,-419203.1538,37083.30769
HBL.KA,2015 Q3,46.48609375,102.82,9.067203125,6.8175,1.60318E+12,5.94386E+11,1.08576E+12,1.70736E+11,8.91885E+11,-67841071000,596235000,1.01804E+12,NA,19229765000,3379763.615,132851.6923,131167.1538,646777.6923,68970.38462,18251.92308,7360381.308,4186264.231,256655.0769,-411796.3077,34408.15385
HBL.KA,2015 Q4,41.9365625,104.8409375,10.751375,6.44828125,1.55119E+12,5.83299E+11,1.10278E+12,1.99379E+11,8.84005E+11,-68424514000,1069871000,1.00414E+12,NA,19713053000,3364486,131427.25,120498,441942,73695.25,10013.25,7121574.5,3768596,182292.25,-409906.25,28871.5
HBL.KA,2016 Q1,33.4442623,104.6467213,12.83183607,6.261147541,1.63494E+12,6.37384E+11,1.20869E+12,2.25603E+11,9.6571E+11,-69179212000,2164559000,1.03543E+12,NA,20184224000,3947590.385,152194.9231,156260,1180214.923,61570.53846,23480.30769,8654262.077,5458624.846,283780.7692,-425438.2308,34792.15385
HBL.KA,2016 Q2,45.5271875,104.5798438,13.22853125,6.0984375,1.59488E+12,5.8759E+11,1.26763E+12,2.30529E+11,1.01411E+12,-69596405000,17341775000,9.92374E+11,NA,21239140000,3859448,137792.6923,150128,983699.3846,67817.61538,16733.69231,8365590.538,5041054.462,285878.2308,-419600.6923,34598.61538
HBL.KA,2016 Q3,44.85796875,104.5685938,13.98870313,5.9203125,1.77061E+12,6.59099E+11,1.2881E+12,3.08401E+11,9.5392E+11,-70014481000,7405021000,1.11799E+12,NA,20806142000,3596565.643,137476.5,129575.7143,969414.0714,69417.57143,11930.64286,7379305.643,4372211.571,215566.2143,-405060.9286,39296.07143
HBL.KA,2016 Q4,49.15904762,104.6315873,12.32236508,5.910952381,1.71657E+12,6.71067E+11,1.27114E+12,2.81452E+11,9.6756E+11,-69496719000,25957904000,1.06852E+12,NA,19721856000,3343133.917,133992.25,102796.8333,823332.9167,68242.5,11257.5,6718650.417,3900781.75,148672.5,-396652.75,42093.16667
HBL.KA,2017 Q1,51.62129032,104.686129,11.15024194,5.941854839,1.88596E+12,7.48466E+11,1.3444E+12,NA,NA,NA,NA,NA,NA,20126011000,4900073.846,132908.9231,185680.0769,1904360,50979.61538,38620.30769,10705673.23,7402724.154,401320.3846,-443683.3846,47593.92308
HBL.KA,2017 Q2,48.10968254,104.6852381,9.497555556,5.98452381,1.90038E+12,7.61639E+11,1.24992E+12,2.33028E+11,1.00132E+12,-69118513000,20411298000,1.20301E+12,NA,21275419000,5276178.231,136046,212490.7692,2323198.769,46377.53846,35283.07692,11181600.23,7818049.615,406816.5385,-439119.3077,47343.84615
HBL.KA,2017 Q3,48.18177419,105.2569355,8.733774194,5.993709677,2.00257E+12,8.31007E+11,1.27961E+12,2.45373E+11,1.0207E+12,-69677288000,17899400000,1.26085E+12,NA,20574282000,5435555.923,140690.7692,209217.3846,2514256.231,39870,24457.84615,11612407.54,8126071.692,447099.6923,-439587.9231,51757.61538
HBL.KA,2017 Q4,55.21241935,106.1806452,10.47669355,5.990645161,2.02539E+12,8.46637E+11,1.17929E+12,2.54127E+11,8.98278E+11,-68900579000,24390575000,1.2819E+12,NA,19857544000,5620556.846,120872.6923,207271,2760289.154,41012.30769,18463.92308,11749912.77,8347068.923,534942.9231,-442423.1538,57474.23077
HBL.KA,2018 Q1,62.9057377,111.0455738,12.53081967,6.083278689,1.99894E+12,7.99766E+11,1.3473E+12,3.47848E+11,9.99456E+11,-69505519000,13214975000,1.26573E+12,NA,19700671000,6001096.538,121859.5385,223016.1538,2374126.769,42572.92308,19360.69231,11936303.15,7714466.154,593642.4615,-438698.4615,64488.38462
HBL.KA,2018 Q2,68.06546875,116.5670313,12.66125,6.3796875,2.03178E+12,8.60491E+11,1.01038E+12,2.34415E+11,7.79359E+11,-69044930000,25535258000,1.29226E+12,NA,20204472000,6394596.692,125205.6923,228573.1538,2297716.308,49131.23077,23044.38462,12271262.46,7419772.385,680466.3846,-440922.5385,74235.46154
HBL.KA,2018 Q3,69.68730159,123.17,12.69,7.61047619,2.1175E+12,9.34614E+11,1.13089E+12,2.7873E+11,7.21151E+11,-69663662000,25471821000,1.3269E+12,NA,20206398000,6765106.308,115162.1538,205602.8462,2492074.538,52735.61538,21313.46154,12538241.69,7322371.846,780949.0769,-440884.4615,87368.84615
HBL.KA,2018 Q4,59.96557377,133.4777049,13.51377049,9.31557377,2.05924E+12,9.58683E+11,1.10981E+12,2.15261E+11,9.05135E+11,-69799655000,22588301000,1.2773E+12,NA,20555768000,7035843.545,119389.7273,202900.4545,1951694.818,54994.18182,29313.09091,12760693.73,6370828.545,1171643.455,-441292.7273,98236.81818
HBL.KA,2019 Q1,54.82311475,138.7672131,14.02139344,10.46344262,2.13729E+12,1.01197E+12,1.36047E+12,2.22693E+11,1.13778E+12,-71993596000,11753011000,1.32475E+12,NA,23357788000,7246895.385,143807.4615,226991.0769,1694121.077,56178,25569,13032139.15,5890335.769,1308651.923,-449367.8462,111882.9231
HBL.KA,2019 Q2,59.88015873,146.5609524,14.29449206,11.75634921,2.16566E+12,1.0402E+12,9.04573E+11,2.84133E+11,6.2044E+11,-72228475000,11790983000,1.35528E+12,NA,24345600000,6726644.538,155857.6923,240376.9231,1695937.692,55253.38462,20250.46154,12291688.15,5860284,1060258,-452229.6923,99425.61538
HBL.KA,2019 Q3,56.33634921,157.5777778,14.13771429,13.56984127,2.30463E+12,1.07455E+12,1.32081E+12,5.57657E+11,7.63158E+11,-75973505000,5396637000,1.42698E+12,NA,26354971000,7353059.846,184626.2308,232662.2308,2916289.615,54696.76923,20072.38462,13749192.23,8173624.385,832060.8462,-466797.8462,115615.1538
HBL.KA,2019 Q4,56.82095238,155.1090476,13.1072381,13.40920635,2.28665E+12,1.10348E+12,1.061E+12,2.17863E+11,8.43136E+11,-75730145000,4273433000,1.44238E+12,NA,27264941000,7409763.667,172954.25,212037.4167,2523634.667,52920.25,20528.16667,13966447.75,8140727.083,929145,-478779,120961.6667
HBL.KA,2020 Q1,45.33516129,155.583871,12.49272581,13.41612903,2.4376E+12,1.09827E+12,1.34918E+12,4.69768E+11,8.79415E+11,-76365958000,5071982000,1.5592E+12,NA,28013460000,7519878.692,186964.8462,222990.3077,2635448.462,49899.69231,34309.69231,14568033.46,8717628.538,948968.6923,-495774,126251.3846
HBL.KA,2020 Q2,27.96047619,162.9260317,13.0537619,10.27539683,2.37763E+12,1.09724E+12,1.10116E+12,1.95556E+11,9.05608E+11,-75447094000,1406961000,1.53056E+12,NA,35061716000,7596838.889,173571.4444,221864.7778,3116701.556,46240.22222,47258,15053265.22,9862638.111,884497,-505951.7778,130477
HBL.KA,2020 Q3,40.89171875,166.5221875,13.31084375,7.0953125,2.66264E+12,1.07216E+12,1.44407E+12,1.93059E+11,1.25101E+12,-79441906000,6318464000,1.6954E+12,NA,35709278000,7379917.75,196514,262099.625,2889112,48095,45928.875,16102282.75,10769294.5,793748.625,-524207.375,123824.25
HBL.KA,2020 Q4,39.83333333,163.3283333,12.75825,7.226666667,2.73607E+12,1.07602E+12,1.63993E+12,2.20426E+11,1.4195E+12,-81567865000,1556501000,1.7884E+12,NA,NA,7355429,196514,283003.5,2662321,47422,42551.5,16484836,10956108,815846,-526210,121858
HMB.KA,2013 Q2,94.04890625,98.42375,8.551109375,9.41875,NA,NA,NA,NA,NA,NA,NA,NA,NA,2216417000,3354604.667,133476.5833,117501.9167,789962.3333,66980.16667,12557.5,6846819.25,3933235.083,166629.25,-396726.6667,40915
HMB.KA,2013 Q3,105.8304688,102.7576563,8.036515625,9.00671875,2.18445E+11,1.06964E+11,1.8011E+11,NA,NA,-13313325000,NA,2.15002E+11,3045938000,2317187000,3272785.846,135995.3846,125176.7692,460043.8462,72309.61538,13880.30769,7070622.231,3786361.538,254729.1538,-407253.1538,34904.92308
HMB.KA,2013 Q4,97.5815625,106.7714063,8.02671875,9.57609375,2.23872E+11,1.119E+11,1.30775E+11,14111723000,1.16664E+11,-13612250000,NA,2.17278E+11,2885668000,2770813000,3426507.462,140734.5385,123553.7692,484524.6923,73996.53846,12031.30769,7231520.308,3849126.154,206009.2308,-408984,27678.61538
HMB.KA,2014 Q1,98.67557377,103.3257377,7.996540984,9.97147541,2.47508E+11,1.29834E+11,1.2775E+11,14112302000,1.13638E+11,-14310013000,NA,2.43875E+11,3085411000,2526911000,3557653.615,151176.1538,123706,620547.6154,73847.69231,11019.30769,7526956.154,4134944.154,221543.9231,-404416.6154,29803.76923
HMB.KA,2014 Q2,103.0392063,98.18111111,7.797952381,10.00111111,2.69959E+11,1.1503E+11,2.14296E+11,17759284000,1.96537E+11,-14800868000,NA,2.66307E+11,3057204000,2608724000,3637117.077,147945.0769,140846.0769,759981.3077,73194.23077,10056.92308,7697086,4328704.385,278741.7692,-402655.9231,28641.46154
HMB.KA,2014 Q3,97.6321875,100.3034375,8.332765625,9.968125,2.77142E+11,1.13839E+11,1.92957E+11,22538897000,1.70418E+11,-15244065000,NA,2.72421E+11,3747743000,2926582000,3691597.615,131720.3846,143868.2308,620979.2308,71771.84615,8538.923077,7994732.385,4381218.154,288290.6923,-413730.1538,29606.38462
HMB.KA,2014 Q4,73.21125,101.798125,8.163734375,9.7378125,2.99326E+11,1.2303E+11,1.88244E+11,22548533000,1.65696E+11,-15352669000,NA,2.96146E+11,2309788000,3147416000,3648248.692,142519.8462,137081.5385,664252.6923,71889.84615,11309.46154,7746917.538,4246624.231,289184.0769,-411976.1538,30962.30769
HMB.KA,2015 Q1,48.47409836,101.2793443,8.074163934,8.471311475,3.20115E+11,1.26086E+11,1.9784E+11,22559359000,1.7528E+11,-15988542000,NA,3.16242E+11,2435562000,3252914000,3887476.846,132537.1538,148137.8462,1230866,61080.61538,26438,8401234,5431944.923,290852.9231,-419973,33677.53846
HMB.KA,2015 Q2,57.85460317,101.7547619,8.809365079,7.264285714,3.15123E+11,1.16153E+11,2.40945E+11,22570406000,2.18375E+11,-16738542000,NA,3.1134E+11,2670332000,3544291000,3689979,123802.1538,150430.6154,1132396.077,60883.23077,30221.53846,8026546.923,5062602.231,293005.9231,-419203.1538,37083.30769
HMB.KA,2015 Q3,46.48609375,102.82,9.067203125,6.8175,3.64473E+11,1.14524E+11,2.53915E+11,22581877000,2.31333E+11,-17633748000,NA,3.58383E+11,4787446000,3934785000,3379763.615,132851.6923,131167.1538,646777.6923,68970.38462,18251.92308,7360381.308,4186264.231,256655.0769,-411796.3077,34408.15385
HMB.KA,2015 Q4,41.9365625,104.8409375,10.751375,6.44828125,3.75894E+11,1.15531E+11,3.41773E+11,19513888000,3.22259E+11,-17860308000,NA,3.71848E+11,3130291000,3667496000,3364486,131427.25,120498,441942,73695.25,10013.25,7121574.5,3768596,182292.25,-409906.25,28871.5
HMB.KA,2016 Q1,33.4442623,104.6467213,12.83183607,6.261147541,4.03209E+11,1.2535E+11,2.6285E+11,19532493000,2.43317E+11,-17429586000,NA,3.99517E+11,2761126000,2882370000,3947590.385,152194.9231,156260,1180214.923,61570.53846,23480.30769,8654262.077,5458624.846,283780.7692,-425438.2308,34792.15385
HMB.KA,2016 Q2,45.5271875,104.5798438,13.22853125,6.0984375,4.14416E+11,1.35066E+11,3.02465E+11,31196580000,2.71268E+11,-17572049000,NA,4.08699E+11,4312598000,3025931000,3859448,137792.6923,150128,983699.3846,67817.61538,16733.69231,8365590.538,5041054.462,285878.2308,-419600.6923,34598.61538
HMB.KA,2016 Q3,44.85796875,104.5685938,13.98870313,5.9203125,4.29344E+11,1.33639E+11,3.58716E+11,31214689000,3.27501E+11,-18004211000,NA,4.2315E+11,4770370000,2879270000,3596565.643,137476.5,129575.7143,969414.0714,69417.57143,11930.64286,7379305.643,4372211.571,215566.2143,-405060.9286,39296.07143
HMB.KA,2016 Q4,49.15904762,104.6315873,12.32236508,5.910952381,4.72804E+11,1.31421E+11,3.47432E+11,31237559000,3.16194E+11,-17141339000,NA,4.67946E+11,3733437000,2986623000,3343133.917,133992.25,102796.8333,823332.9167,68242.5,11257.5,6718650.417,3900781.75,148672.5,-396652.75,42093.16667
HMB.KA,2017 Q1,51.62129032,104.686129,11.15024194,5.941854839,4.30444E+11,1.3599E+11,2.92246E+11,27642036000,2.64604E+11,-16931049000,NA,4.24909E+11,4320917000,3398557000,4900073.846,132908.9231,185680.0769,1904360,50979.61538,38620.30769,10705673.23,7402724.154,401320.3846,-443683.3846,47593.92308
HMB.KA,2017 Q2,48.10968254,104.6852381,9.497555556,5.98452381,4.27404E+11,1.43427E+11,2.97043E+11,32188506000,2.64854E+11,-17178976000,NA,4.19783E+11,5981146000,3576534000,5276178.231,136046,212490.7692,2323198.769,46377.53846,35283.07692,11181600.23,7818049.615,406816.5385,-439119.3077,47343.84615
HMB.KA,2017 Q3,48.18177419,105.2569355,8.733774194,5.993709677,4.54631E+11,1.66973E+11,2.97616E+11,36329990000,2.61286E+11,-17511576000,NA,4.43434E+11,9780399000,3582183000,5435555.923,140690.7692,209217.3846,2514256.231,39870,24457.84615,11612407.54,8126071.692,447099.6923,-439587.9231,51757.61538
HMB.KA,2017 Q4,55.21241935,106.1806452,10.47669355,5.990645161,4.74208E+11,1.66341E+11,3.45335E+11,36344754000,3.0899E+11,-17509261000,NA,4.64245E+11,8174048000,3694523000,5620556.846,120872.6923,207271,2760289.154,41012.30769,18463.92308,11749912.77,8347068.923,534942.9231,-442423.1538,57474.23077
HMB.KA,2018 Q1,62.9057377,111.0455738,12.53081967,6.083278689,5.07425E+11,1.45357E+11,3.94373E+11,36360790000,3.58012E+11,-16426423000,3261269000,4.97616E+11,7186855000,3799855000,6001096.538,121859.5385,223016.1538,2374126.769,42572.92308,19360.69231,11936303.15,7714466.154,593642.4615,-438698.4615,64488.38462
HMB.KA,2018 Q2,68.06546875,116.5670313,12.66125,6.3796875,5.04427E+11,1.81529E+11,3.18485E+11,36371160000,2.82114E+11,-16561707000,NA,4.94921E+11,7559955000,4176585000,6394596.692,125205.6923,228573.1538,2297716.308,49131.23077,23044.38462,12271262.46,7419772.385,680466.3846,-440922.5385,74235.46154
HMB.KA,2018 Q3,69.68730159,123.17,12.69,7.61047619,5.23266E+11,1.86159E+11,3.58277E+11,36380219000,3.21897E+11,-16811712000,NA,5.11924E+11,9199124000,4075002000,6765106.308,115162.1538,205602.8462,2492074.538,52735.61538,21313.46154,12538241.69,7322371.846,780949.0769,-440884.4615,87368.84615
HMB.KA,2018 Q4,59.96557377,133.4777049,13.51377049,9.31557377,5.0874E+11,1.9305E+11,3.56686E+11,32640939000,3.24045E+11,-16643174000,NA,4.96376E+11,10060906000,4602866000,7035843.545,119389.7273,202900.4545,1951694.818,54994.18182,29313.09091,12760693.73,6370828.545,1171643.455,-441292.7273,98236.81818
HMB.KA,2019 Q1,54.82311475,138.7672131,14.02139344,10.46344262,5.42839E+11,1.98027E+11,3.39792E+11,36259349000,3.03532E+11,-16560690000,3488696000,5.32391E+11,8016118000,4515443000,7246895.385,143807.4615,226991.0769,1694121.077,56178,25569,13032139.15,5890335.769,1308651.923,-449367.8462,111882.9231
HMB.KA,2019 Q2,59.88015873,146.5609524,14.29449206,11.75634921,5.58933E+11,2.07059E+11,3.24022E+11,36264415000,2.87757E+11,-16690520000,2960811000,5.47905E+11,8852777000,4357311000,6726644.538,155857.6923,240376.9231,1695937.692,55253.38462,20250.46154,12291688.15,5860284,1060258,-452229.6923,99425.61538
HMB.KA,2019 Q3,56.33634921,157.5777778,14.13771429,13.56984127,5.91722E+11,2.3978E+11,3.94061E+11,36268199000,3.57793E+11,-16415722000,4628892000,5.80088E+11,9471472000,4440604000,7353059.846,184626.2308,232662.2308,2916289.615,54696.76923,20072.38462,13749192.23,8173624.385,832060.8462,-466797.8462,115615.1538
HMB.KA,2019 Q4,56.82095238,155.1090476,13.1072381,13.40920635,6.00542E+11,2.24621E+11,4.74291E+11,36077711000,4.38213E+11,-16792952000,3469936000,5.52077E+11,9161441000,4653897000,7409763.667,172954.25,212037.4167,2523634.667,52920.25,20528.16667,13966447.75,8140727.083,929145,-478779,120961.6667
HMB.KA,2020 Q1,45.33516129,155.583871,12.49272581,13.41612903,6.1272E+11,2.2987E+11,4.43527E+11,36089874000,4.07437E+11,-16928825000,4106849000,5.9836E+11,11986516000,4482044000,7519878.692,186964.8462,222990.3077,2635448.462,49899.69231,34309.69231,14568033.46,8717628.538,948968.6923,-495774,126251.3846
HMB.KA,2020 Q2,27.96047619,162.9260317,13.0537619,10.27539683,5.79022E+11,2.45398E+11,4.46027E+11,36099675000,4.09928E+11,-16791869000,2099657000,5.62193E+11,14003300000,6500968000,7596838.889,173571.4444,221864.7778,3116701.556,46240.22222,47258,15053265.22,9862638.111,884497,-505951.7778,130477
HMB.KA,2020 Q3,40.89171875,166.5221875,13.31084375,7.0953125,5.99191E+11,2.60995E+11,4.8429E+11,37107395000,4.47183E+11,-17901238000,443141000,5.81223E+11,15122724000,NA,7379917.75,196514,262099.625,2889112,48095,45928.875,16102282.75,10769294.5,793748.625,-524207.375,123824.25
HMB.KA,2020 Q4,39.83333333,163.3283333,12.75825,7.226666667,NA,NA,NA,NA,NA,NA,NA,NA,NA,NA,7355429,196514,283003.5,2662321,47422,42551.5,16484836,10956108,815846,-526210,121858
MCB.KA,2013 Q2,94.04890625,98.42375,8.551109375,9.41875,NA,NA,NA,NA,NA,NA,NA,NA,NA,9113094000,3354604.667,133476.5833,117501.9167,789962.3333,66980.16667,12557.5,6846819.25,3933235.083,166629.25,-396726.6667,40915
MCB.KA,2013 Q3,105.8304688,102.7576563,8.036515625,9.00671875,6.10328E+11,2.12282E+11,4.10684E+11,8699972000,4.01984E+11,-21526300000,9587901000,3.12681E+11,NA,9709373000,3272785.846,135995.3846,125176.7692,460043.8462,72309.61538,13880.30769,7070622.231,3786361.538,254729.1538,-407253.1538,34904.92308
MCB.KA,2013 Q4,97.5815625,106.7714063,8.02671875,9.57609375,5.84219E+11,2.12275E+11,4.06298E+11,7547093000,3.98751E+11,-21015977000,11608102000,3.13909E+11,NA,9400122000,3426507.462,140734.5385,123553.7692,484524.6923,73996.53846,12031.30769,7231520.308,3849126.154,206009.2308,-408984,27678.61538
MCB.KA,2014 Q1,98.67557377,103.3257377,7.996540984,9.97147541,6.32309E+11,2.36904E+11,4.50247E+11,7286753000,4.4296E+11,-19949293000,10138726000,3.57268E+11,NA,10038463000,3557653.615,151176.1538,123706,620547.6154,73847.69231,11019.30769,7526956.154,4134944.154,221543.9231,-404416.6154,29803.76923
MCB.KA,2014 Q2,103.0392063,98.18111111,7.797952381,10.00111111,6.27128E+11,2.42802E+11,4.63446E+11,7518889000,4.55927E+11,-19285957000,8299824000,3.62215E+11,NA,11452267000,3637117.077,147945.0769,140846.0769,759981.3077,73194.23077,10056.92308,7697086,4328704.385,278741.7692,-402655.9231,28641.46154
MCB.KA,2014 Q3,97.6321875,100.3034375,8.332765625,9.968125,6.8575E+11,2.73405E+11,4.45216E+11,8165788000,4.3705E+11,-18924043000,8841424000,3.64775E+11,NA,10610677000,3691597.615,131720.3846,143868.2308,620979.2308,71771.84615,8538.923077,7994732.385,4381218.154,288290.6923,-413730.1538,29606.38462
MCB.KA,2014 Q4,73.21125,101.798125,8.163734375,9.7378125,6.66326E+11,2.78977E+11,4.60703E+11,8233670000,4.5247E+11,-18557782000,8770573000,3.81687E+11,NA,11539638000,3648248.692,142519.8462,137081.5385,664252.6923,71889.84615,11309.46154,7746917.538,4246624.231,289184.0769,-411976.1538,30962.30769
MCB.KA,2015 Q1,48.47409836,101.2793443,8.074163934,8.471311475,6.8827E+11,2.92037E+11,5.11748E+11,7884432000,5.03864E+11,-18758674000,16627700000,3.8973E+11,NA,12023145000,3887476.846,132537.1538,148137.8462,1230866,61080.61538,26438,8401234,5431944.923,290852.9231,-419973,33677.53846
MCB.KA,2015 Q2,57.85460317,101.7547619,8.809365079,7.264285714,7.26099E+11,2.9567E+11,5.76476E+11,8617203000,5.67859E+11,-18510537000,9869973000,4.13525E+11,NA,12952695000,3689979,123802.1538,150430.6154,1132396.077,60883.23077,30221.53846,8026546.923,5062602.231,293005.9231,-419203.1538,37083.30769
MCB.KA,2015 Q3,46.48609375,102.82,9.067203125,6.8175,7.55725E+11,3.06152E+11,6.18807E+11,8511212000,6.10296E+11,-18016111000,10822346000,4.08436E+11,NA,12147016000,3379763.615,132851.6923,131167.1538,646777.6923,68970.38462,18251.92308,7360381.308,4186264.231,256655.0769,-411796.3077,34408.15385
MCB.KA,2015 Q4,41.9365625,104.8409375,10.751375,6.44828125,7.07028E+11,2.98417E+11,5.98139E+11,10226155000,5.87913E+11,-17725745000,9286270000,4.00208E+11,NA,12545797000,3364486,131427.25,120498,441942,73695.25,10013.25,7121574.5,3768596,182292.25,-409906.25,28871.5
MCB.KA,2016 Q1,33.4442623,104.6467213,12.83183607,6.261147541,7.0624E+11,3.06311E+11,5.62794E+11,16064748000,5.4673E+11,-18504335000,11975237000,3.97683E+11,NA,11604228000,3947590.385,152194.9231,156260,1180214.923,61570.53846,23480.30769,8654262.077,5458624.846,283780.7692,-425438.2308,34792.15385
MCB.KA,2016 Q2,45.5271875,104.5798438,13.22853125,6.0984375,7.33387E+11,3.01415E+11,6.19599E+11,21833103000,5.97766E+11,-18069862000,8417622000,4.13711E+11,NA,12425492000,3859448,137792.6923,150128,983699.3846,67817.61538,16733.69231,8365590.538,5041054.462,285878.2308,-419600.6923,34598.61538
MCB.KA,2016 Q3,44.85796875,104.5685938,13.98870313,5.9203125,7.68195E+11,3.4566E+11,5.95714E+11,21393497000,5.7432E+11,-17933858000,11823107000,4.18015E+11,NA,10533797000,3596565.643,137476.5,129575.7143,969414.0714,69417.57143,11930.64286,7379305.643,4372211.571,215566.2143,-405060.9286,39296.07143
MCB.KA,2016 Q4,49.15904762,104.6315873,12.32236508,5.910952381,7.68971E+11,3.38324E+11,4.94019E+11,21307520000,4.72711E+11,-18161693000,9978664000,4.28898E+11,NA,10236042000,3343133.917,133992.25,102796.8333,823332.9167,68242.5,11257.5,6718650.417,3900781.75,148672.5,-396652.75,42093.16667
MCB.KA,2017 Q1,51.62129032,104.686129,11.15024194,5.941854839,7.9569E+11,3.6447E+11,5.5677E+11,NA,NA,NA,13291328000,NA,NA,9980094000,4900073.846,132908.9231,185680.0769,1904360,50979.61538,38620.30769,10705673.23,7402724.154,401320.3846,-443683.3846,47593.92308
MCB.KA,2017 Q2,48.10968254,104.6852381,9.497555556,5.98452381,8.36603E+11,3.62641E+11,6.70372E+11,18926146000,6.51446E+11,-18933750000,13854662000,4.62808E+11,NA,10550581000,5276178.231,136046,212490.7692,2323198.769,46377.53846,35283.07692,11181600.23,7818049.615,406816.5385,-439119.3077,47343.84615
MCB.KA,2017 Q3,48.18177419,105.2569355,8.733774194,5.993709677,9.14248E+11,4.0219E+11,7.25461E+11,18293144000,7.07168E+11,-17712514000,12951467000,4.84995E+11,NA,11783984000,5435555.923,140690.7692,209217.3846,2514256.231,39870,24457.84615,11612407.54,8126071.692,447099.6923,-439587.9231,51757.61538
MCB.KA,2017 Q4,55.21241935,106.1806452,10.47669355,5.990645161,9.89373E+11,4.5017E+11,6.22963E+11,23101312000,5.99862E+11,-46037099000,15335304000,5.4677E+11,24953000,11481425000,5620556.846,120872.6923,207271,2760289.154,41012.30769,18463.92308,11749912.77,8347068.923,534942.9231,-442423.1538,57474.23077
MCB.KA,2018 Q1,62.9057377,111.0455738,12.53081967,6.083278689,1.00115E+12,4.78697E+11,6.55192E+11,33918526000,6.21273E+11,-45705900000,22994877000,6.15169E+11,34739421000,11374006000,6001096.538,121859.5385,223016.1538,2374126.769,42572.92308,19360.69231,11936303.15,7714466.154,593642.4615,-438698.4615,64488.38462
MCB.KA,2018 Q2,68.06546875,116.5670313,12.66125,6.3796875,1.03971E+12,4.85392E+11,6.06706E+11,30494033000,5.76212E+11,-45343233000,12798437000,5.60118E+11,NA,11950548000,6394596.692,125205.6923,228573.1538,2297716.308,49131.23077,23044.38462,12271262.46,7419772.385,680466.3846,-440922.5385,74235.46154
MCB.KA,2018 Q3,69.68730159,123.17,12.69,7.61047619,1.07034E+12,5.44492E+11,6.94689E+11,30828806000,6.6386E+11,-44343140000,13732930000,5.74684E+11,NA,11824562000,6765106.308,115162.1538,205602.8462,2492074.538,52735.61538,21313.46154,12538241.69,7322371.846,780949.0769,-440884.4615,87368.84615
MCB.KA,2018 Q4,59.96557377,133.4777049,13.51377049,9.31557377,1.09669E+12,5.30073E+11,4.58056E+11,30542478000,4.27513E+11,-43914956000,13432760000,5.98322E+11,NA,12873542000,7035843.545,119389.7273,202900.4545,1951694.818,54994.18182,29313.09091,12760693.73,6370828.545,1171643.455,-441292.7273,98236.81818
MCB.KA,2019 Q1,54.82311475,138.7672131,14.02139344,10.46344262,1.12231E+12,5.47925E+11,7.39972E+11,36177932000,7.03794E+11,-43236380000,17003272000,6.94546E+11,35317557000,14338692000,7246895.385,143807.4615,226991.0769,1694121.077,56178,25569,13032139.15,5890335.769,1308651.923,-449367.8462,111882.9231
MCB.KA,2019 Q2,59.88015873,146.5609524,14.29449206,11.75634921,1.14397E+12,5.45942E+11,4.55499E+11,23392316000,4.32107E+11,-42939280000,15567137000,7.12918E+11,33912954000,15240858000,6726644.538,155857.6923,240376.9231,1695937.692,55253.38462,20250.46154,12291688.15,5860284,1060258,-452229.6923,99425.61538
MCB.KA,2019 Q3,56.33634921,157.5777778,14.13771429,13.56984127,1.23182E+12,5.55817E+11,7.92748E+11,22825579000,7.69922E+11,-42962503000,16852462000,7.64639E+11,34598745000,16445066000,7353059.846,184626.2308,232662.2308,2916289.615,54696.76923,20072.38462,13749192.23,8173624.385,832060.8462,-466797.8462,115615.1538
MCB.KA,2019 Q4,56.82095238,155.1090476,13.1072381,13.40920635,1.22618E+12,5.26586E+11,8.62807E+11,22781656000,8.40026E+11,-43124731000,15438562000,7.84061E+11,29762530000,17693475000,7409763.667,172954.25,212037.4167,2523634.667,52920.25,20528.16667,13966447.75,8140727.083,929145,-478779,120961.6667
MCB.KA,2020 Q1,45.33516129,155.583871,12.49272581,13.41612903,1.22659E+12,5.26915E+11,7.42539E+11,18905865000,7.23633E+11,-43398772000,20102758000,7.74831E+11,29503648000,17285782000,7519878.692,186964.8462,222990.3077,2635448.462,49899.69231,34309.69231,14568033.46,8717628.538,948968.6923,-495774,126251.3846
MCB.KA,2020 Q2,27.96047619,162.9260317,13.0537619,10.27539683,1.27195E+12,5.18866E+11,8.23818E+11,9350644000,8.14467E+11,-43668015000,13971083000,8.15265E+11,26264806000,20967033000,7596838.889,173571.4444,221864.7778,3116701.556,46240.22222,47258,15053265.22,9862638.111,884497,-505951.7778,130477
MCB.KA,2020 Q3,40.89171875,166.5221875,13.31084375,7.0953125,1.37135E+12,5.11533E+11,9.24188E+11,10122533000,9.14065E+11,-47493678000,13510312000,8.41839E+11,38521562000,NA,7379917.75,196514,262099.625,2889112,48095,45928.875,16102282.75,10769294.5,793748.625,-524207.375,123824.25
MCB.KA,2020 Q4,39.83333333,163.3283333,12.75825,7.226666667,NA,NA,NA,NA,NA,NA,NA,NA,NA,NA,7355429,196514,283003.5,2662321,47422,42551.5,16484836,10956108,815846,-526210,121858
NBPK.KA,2013 Q2,94.04890625,98.42375,8.551109375,9.41875,NA,NA,NA,NA,NA,NA,NA,NA,NA,11433917000,3354604.667,133476.5833,117501.9167,789962.3333,66980.16667,12557.5,6846819.25,3933235.083,166629.25,-396726.6667,40915
NBPK.KA,2013 Q3,105.8304688,102.7576563,8.036515625,9.00671875,1.1462E+12,7.3972E+11,3.47376E+11,3.13781E+11,33594559000,NA,14541589000,1.40287E+11,1.00592E+12,8360749000,3272785.846,135995.3846,125176.7692,460043.8462,72309.61538,13880.30769,7070622.231,3786361.538,254729.1538,-407253.1538,34904.92308
NBPK.KA,2013 Q4,97.5815625,106.7714063,8.02671875,9.57609375,1.02151E+12,6.82686E+11,3.07575E+11,34383392000,2.73191E+11,-85244662000,32407906000,6.02366E+11,NA,10410326000,3426507.462,140734.5385,123553.7692,484524.6923,73996.53846,12031.30769,7231520.308,3849126.154,206009.2308,-408984,27678.61538
NBPK.KA,2014 Q1,98.67557377,103.3257377,7.996540984,9.97147541,1.10185E+12,6.20163E+11,3.49668E+11,30090541000,3.19577E+11,-92879473000,NA,6.05166E+11,NA,8901959000,3557653.615,151176.1538,123706,620547.6154,73847.69231,11019.30769,7526956.154,4134944.154,221543.9231,-404416.6154,29803.76923
NBPK.KA,2014 Q2,103.0392063,98.18111111,7.797952381,10.00111111,1.01844E+12,6.18379E+11,3.94166E+11,88080004000,3.06086E+11,-91990060000,NA,6.01532E+11,NA,12860870000,3637117.077,147945.0769,140846.0769,759981.3077,73194.23077,10056.92308,7697086,4328704.385,278741.7692,-402655.9231,28641.46154
NBPK.KA,2014 Q3,97.6321875,100.3034375,8.332765625,9.968125,1.13954E+12,6.36122E+11,4.31311E+11,1.17106E+11,3.14204E+11,-92307984000,NA,5.86392E+11,NA,11268509000,3691597.615,131720.3846,143868.2308,620979.2308,71771.84615,8538.923077,7994732.385,4381218.154,288290.6923,-413730.1538,29606.38462
NBPK.KA,2014 Q4,73.21125,101.798125,8.163734375,9.7378125,1.0978E+12,5.86262E+11,4.43206E+11,1.07108E+11,3.36098E+11,-94206280000,NA,6.08342E+11,NA,13758489000,3648248.692,142519.8462,137081.5385,664252.6923,71889.84615,11309.46154,7746917.538,4246624.231,289184.0769,-411976.1538,30962.30769
NBPK.KA,2015 Q1,48.47409836,101.2793443,8.074163934,8.471311475,1.23441E+12,6.04245E+11,4.93287E+11,1.2201E+11,3.71277E+11,-1.01751E+11,NA,6.37829E+11,NA,10808975000,3887476.846,132537.1538,148137.8462,1230866,61080.61538,26438,8401234,5431944.923,290852.9231,-419973,33677.53846
NBPK.KA,2015 Q2,57.85460317,101.7547619,8.809365079,7.264285714,1.13724E+12,5.90193E+11,5.43267E+11,1.27369E+11,4.15897E+11,-1.05018E+11,NA,NA,NA,14440759000,3689979,123802.1538,150430.6154,1132396.077,60883.23077,30221.53846,8026546.923,5062602.231,293005.9231,-419203.1538,37083.30769
NBPK.KA,2015 Q3,46.48609375,102.82,9.067203125,6.8175,1.27527E+12,5.84729E+11,5.67505E+11,1.38522E+11,4.28983E+11,-1.08734E+11,NA,NA,NA,11671457000,3379763.615,132851.6923,131167.1538,646777.6923,68970.38462,18251.92308,7360381.308,4186264.231,256655.0769,-411796.3077,34408.15385
NBPK.KA,2015 Q4,41.9365625,104.8409375,10.751375,6.44828125,1.1917E+12,5.5217E+11,5.9201E+11,1.40135E+11,4.51875E+11,-1.10562E+11,NA,NA,NA,16050727000,3364486,131427.25,120498,441942,73695.25,10013.25,7121574.5,3768596,182292.25,-409906.25,28871.5
NBPK.KA,2016 Q1,33.4442623,104.6467213,12.83183607,6.261147541,1.43154E+12,5.64027E+11,7.90185E+11,1.15883E+11,6.74302E+11,-1.14291E+11,NA,NA,NA,12184489000,3947590.385,152194.9231,156260,1180214.923,61570.53846,23480.30769,8654262.077,5458624.846,283780.7692,-425438.2308,34792.15385
NBPK.KA,2016 Q2,45.5271875,104.5798438,13.22853125,6.0984375,1.27448E+12,5.41592E+11,8.03899E+11,1.39446E+11,6.64454E+11,-1.15241E+11,NA,NA,NA,15942792000,3859448,137792.6923,150128,983699.3846,67817.61538,16733.69231,8365590.538,5041054.462,285878.2308,-419600.6923,34598.61538
NBPK.KA,2016 Q3,44.85796875,104.5685938,13.98870313,5.9203125,1.39967E+12,6.0807E+11,9.31281E+11,1.31485E+11,7.99796E+11,-1.15809E+11,NA,NA,NA,11478191000,3596565.643,137476.5,129575.7143,969414.0714,69417.57143,11930.64286,7379305.643,4372211.571,215566.2143,-405060.9286,39296.07143
NBPK.KA,2016 Q4,49.15904762,104.6315873,12.32236508,5.910952381,1.41687E+12,6.03422E+11,8.17447E+11,1.72901E+11,6.44546E+11,-1.17007E+11,NA,NA,NA,15829005000,3343133.917,133992.25,102796.8333,823332.9167,68242.5,11257.5,6718650.417,3900781.75,148672.5,-396652.75,42093.16667
NBPK.KA,2017 Q1,51.62129032,104.686129,11.15024194,5.941854839,1.65713E+12,6.68884E+11,8.96281E+11,NA,NA,NA,NA,NA,NA,12405118000,4900073.846,132908.9231,185680.0769,1904360,50979.61538,38620.30769,10705673.23,7402724.154,401320.3846,-443683.3846,47593.92308
NBPK.KA,2017 Q2,48.10968254,104.6852381,9.497555556,5.98452381,1.58803E+12,6.32634E+11,8.93118E+11,2.07481E+11,6.85637E+11,-1.15166E+11,NA,NA,NA,13909739000,5276178.231,136046,212490.7692,2323198.769,46377.53846,35283.07692,11181600.23,7818049.615,406816.5385,-439119.3077,47343.84615
NBPK.KA,2017 Q3,48.18177419,105.2569355,8.733774194,5.993709677,1.74036E+12,6.98296E+11,9.66142E+11,2.09211E+11,7.56931E+11,-1.16666E+11,NA,NA,NA,12321003000,5435555.923,140690.7692,209217.3846,2514256.231,39870,24457.84615,11612407.54,8126071.692,447099.6923,-439587.9231,51757.61538
NBPK.KA,2017 Q4,55.21241935,106.1806452,10.47669355,5.990645161,1.68471E+12,6.58664E+11,8.73576E+11,1.69923E+11,7.03653E+11,-1.17694E+11,NA,8.33172E+11,NA,15968419000,5620556.846,120872.6923,207271,2760289.154,41012.30769,18463.92308,11749912.77,8347068.923,534942.9231,-442423.1538,57474.23077
NBPK.KA,2018 Q1,62.9057377,111.0455738,12.53081967,6.083278689,1.72706E+12,7.15059E+11,6.03993E+11,1.93108E+11,4.10885E+11,-1.17863E+11,NA,8.4837E+11,24689452000,14189302000,6001096.538,121859.5385,223016.1538,2374126.769,42572.92308,19360.69231,11936303.15,7714466.154,593642.4615,-438698.4615,64488.38462
NBPK.KA,2018 Q2,68.06546875,116.5670313,12.66125,6.3796875,1.6685E+12,7.286E+11,7.76902E+11,1.95604E+11,5.81298E+11,-1.18642E+11,NA,7.83653E+11,NA,16077760000,6394596.692,125205.6923,228573.1538,2297716.308,49131.23077,23044.38462,12271262.46,7419772.385,680466.3846,-440922.5385,74235.46154
NBPK.KA,2018 Q3,69.68730159,123.17,12.69,7.61047619,1.91064E+12,7.67862E+11,9.0074E+11,1.96907E+11,7.03833E+11,-1.22937E+11,NA,8.30859E+11,NA,13466348000,6765106.308,115162.1538,205602.8462,2492074.538,52735.61538,21313.46154,12538241.69,7322371.846,780949.0769,-440884.4615,87368.84615
NBPK.KA,2018 Q4,59.96557377,133.4777049,13.51377049,9.31557377,1.79953E+12,8.07826E+11,1.06797E+12,1.77833E+11,8.90136E+11,-1.25522E+11,NA,8.11574E+11,NA,17157914000,7035843.545,119389.7273,202900.4545,1951694.818,54994.18182,29313.09091,12760693.73,6370828.545,1171643.455,-441292.7273,98236.81818
NBPK.KA,2019 Q1,54.82311475,138.7672131,14.02139344,10.46344262,2.01131E+12,9.00976E+11,1.12614E+12,1.86287E+11,9.39848E+11,-1.34177E+11,NA,8.8552E+11,23586675000,15614637000,7246895.385,143807.4615,226991.0769,1694121.077,56178,25569,13032139.15,5890335.769,1308651.923,-449367.8462,111882.9231
NBPK.KA,2019 Q2,59.88015873,146.5609524,14.29449206,11.75634921,1.77862E+12,8.81304E+11,8.86056E+11,1.99527E+11,6.86529E+11,-1.34517E+11,44410173000,8.58007E+11,14840563000,20057123000,6726644.538,155857.6923,240376.9231,1695937.692,55253.38462,20250.46154,12291688.15,5860284,1060258,-452229.6923,99425.61538
NBPK.KA,2019 Q3,56.33634921,157.5777778,14.13771429,13.56984127,2.09347E+12,9.14578E+11,1.10986E+12,2.02715E+11,9.07147E+11,-1.4043E+11,68989470000,8.81161E+11,24969269000,18367012000,7353059.846,184626.2308,232662.2308,2916289.615,54696.76923,20072.38462,13749192.23,8173624.385,832060.8462,-466797.8462,115615.1538
NBPK.KA,2019 Q4,56.82095238,155.1090476,13.1072381,13.40920635,1.93816E+12,9.0801E+11,1.47908E+12,3.28994E+11,1.15008E+12,-1.42448E+11,40233644000,8.90791E+11,5151753000,18115110000,7409763.667,172954.25,212037.4167,2523634.667,52920.25,20528.16667,13966447.75,8140727.083,929145,-478779,120961.6667
NBPK.KA,2020 Q1,45.33516129,155.583871,12.49272581,13.41612903,2.19798E+12,9.69175E+11,1.39843E+12,3.33339E+11,1.06509E+12,-1.43695E+11,42520736000,9.81023E+11,11810233000,16638390000,7519878.692,186964.8462,222990.3077,2635448.462,49899.69231,34309.69231,14568033.46,8717628.538,948968.6923,-495774,126251.3846
NBPK.KA,2020 Q2,27.96047619,162.9260317,13.0537619,10.27539683,1.9527E+12,9.40884E+11,1.46475E+12,3.16444E+11,1.1453E+12,-1.49776E+11,22179604000,1.00686E+12,5318436000,31947322000,7596838.889,173571.4444,221864.7778,3116701.556,46240.22222,47258,15053265.22,9862638.111,884497,-505951.7778,130477
NBPK.KA,2020 Q3,40.89171875,166.5221875,13.31084375,7.0953125,2.33944E+12,8.94595E+11,1.60735E+12,3.2169E+11,1.28566E+12,-1.61421E+11,22430508000,1.03138E+12,18774723000,NA,7379917.75,196514,262099.625,2889112,48095,45928.875,16102282.75,10769294.5,793748.625,-524207.375,123824.25
NBPK.KA,2020 Q4,39.83333333,163.3283333,12.75825,7.226666667,NA,NA,NA,NA,NA,NA,NA,NA,NA,NA,7355429,196514,283003.5,2662321,47422,42551.5,16484836,10956108,815846,-526210,121858
UBL.KA,2013 Q2,94.04890625,98.42375,8.551109375,9.41875,NA,NA,NA,NA,NA,NA,NA,NA,NA,9357364000,3354604.667,133476.5833,117501.9167,789962.3333,66980.16667,12557.5,6846819.25,3933235.083,166629.25,-396726.6667,40915
UBL.KA,2013 Q3,105.8304688,102.7576563,8.036515625,9.00671875,8.11612E+11,3.83203E+11,4.59202E+11,NA,NA,-46268386000,69550760000,NA,NA,9920262000,3272785.846,135995.3846,125176.7692,460043.8462,72309.61538,13880.30769,7070622.231,3786361.538,254729.1538,-407253.1538,34904.92308
UBL.KA,2013 Q4,97.5815625,106.7714063,8.02671875,9.57609375,8.33004E+11,3.90724E+11,4.26684E+11,1.08032E+11,3.18653E+11,-48514330000,NA,NA,NA,11089573000,3426507.462,140734.5385,123553.7692,484524.6923,73996.53846,12031.30769,7231520.308,3849126.154,206009.2308,-408984,27678.61538
UBL.KA,2014 Q1,98.67557377,103.3257377,7.996540984,9.97147541,8.89526E+11,3.85426E+11,4.42656E+11,47943255000,3.94713E+11,-46391688000,NA,8.59204E+11,12684591000,10257515000,3557653.615,151176.1538,123706,620547.6154,73847.69231,11019.30769,7526956.154,4134944.154,221543.9231,-404416.6154,29803.76923
UBL.KA,2014 Q2,103.0392063,98.18111111,7.797952381,10.00111111,9.05169E+11,3.76779E+11,4.44352E+11,1.19289E+11,3.25063E+11,-46125898000,NA,8.77146E+11,14687576000,11796601000,3637117.077,147945.0769,140846.0769,759981.3077,73194.23077,10056.92308,7697086,4328704.385,278741.7692,-402655.9231,28641.46154
UBL.KA,2014 Q3,97.6321875,100.3034375,8.332765625,9.968125,9.1821E+11,4.13057E+11,4.3674E+11,39169663000,3.97571E+11,-46797522000,NA,8.75967E+11,22487885000,11514947000,3691597.615,131720.3846,143868.2308,620979.2308,71771.84615,8538.923077,7994732.385,4381218.154,288290.6923,-413730.1538,29606.38462
UBL.KA,2014 Q4,73.21125,101.798125,8.163734375,9.7378125,9.27561E+11,4.211E+11,4.24741E+11,25064810000,3.99676E+11,-47097075000,NA,8.96367E+11,13661801000,13344715000,3648248.692,142519.8462,137081.5385,664252.6923,71889.84615,11309.46154,7746917.538,4246624.231,289184.0769,-411976.1538,30962.30769
UBL.KA,2015 Q1,48.47409836,101.2793443,8.074163934,8.471311475,9.51902E+11,4.42776E+11,4.86993E+11,37737478000,4.49256E+11,-46917428000,NA,9.15953E+11,14175895000,13580553000,3887476.846,132537.1538,148137.8462,1230866,61080.61538,26438,8401234,5431944.923,290852.9231,-419973,33677.53846
UBL.KA,2015 Q2,57.85460317,101.7547619,8.809365079,7.264285714,1.00562E+12,4.29788E+11,5.71752E+11,55132241000,5.1662E+11,-47772171000,NA,9.65734E+11,14547568000,14660759000,3689979,123802.1538,150430.6154,1132396.077,60883.23077,30221.53846,8026546.923,5062602.231,293005.9231,-419203.1538,37083.30769
UBL.KA,2015 Q3,46.48609375,102.82,9.067203125,6.8175,1.05902E+12,4.47765E+11,6.08323E+11,65154308000,5.43169E+11,-48569958000,NA,1.01162E+12,21144198000,14368536000,3379763.615,132851.6923,131167.1538,646777.6923,68970.38462,18251.92308,7360381.308,4186264.231,256655.0769,-411796.3077,34408.15385
UBL.KA,2015 Q4,41.9365625,104.8409375,10.751375,6.44828125,1.05805E+12,4.77416E+11,6.50643E+11,51528871000,5.99114E+11,-49208975000,NA,1.01039E+12,14971549000,15248995000,3364486,131427.25,120498,441942,73695.25,10013.25,7121574.5,3768596,182292.25,-409906.25,28871.5
UBL.KA,2016 Q1,33.4442623,104.6467213,12.83183607,6.261147541,1.11995E+12,4.73072E+11,7.10874E+11,43796196000,6.67078E+11,-42673154000,NA,1.05347E+12,13928879000,14079931000,3947590.385,152194.9231,156260,1180214.923,61570.53846,23480.30769,8654262.077,5458624.846,283780.7692,-425438.2308,34792.15385
UBL.KA,2016 Q2,45.5271875,104.5798438,13.22853125,6.0984375,1.13898E+12,4.64922E+11,7.81525E+11,50658926000,7.30866E+11,-44388356000,NA,1.08306E+12,21120865000,16274403000,3859448,137792.6923,150128,983699.3846,67817.61538,16733.69231,8365590.538,5041054.462,285878.2308,-419600.6923,34598.61538
UBL.KA,2016 Q3,44.85796875,104.5685938,13.98870313,5.9203125,1.21135E+12,5.14257E+11,8.24257E+11,48032529000,7.76225E+11,-43162937000,NA,1.12524E+12,31150963000,14054004000,3596565.643,137476.5,129575.7143,969414.0714,69417.57143,11930.64286,7379305.643,4372211.571,215566.2143,-405060.9286,39296.07143
UBL.KA,2016 Q4,49.15904762,104.6315873,12.32236508,5.910952381,1.21227E+12,5.26479E+11,8.10715E+11,35860126000,7.74855E+11,NA,NA,1.14089E+12,24665294000,14412771000,3343133.917,133992.25,102796.8333,823332.9167,68242.5,11257.5,6718650.417,3900781.75,148672.5,-396652.75,42093.16667
UBL.KA,2017 Q1,51.62129032,104.686129,11.15024194,5.941854839,1.22027E+12,5.4624E+11,8.38262E+11,NA,NA,NA,NA,NA,NA,14095408000,4900073.846,132908.9231,185680.0769,1904360,50979.61538,38620.30769,10705673.23,7402724.154,401320.3846,-443683.3846,47593.92308
UBL.KA,2017 Q2,48.10968254,104.6852381,9.497555556,5.98452381,1.25032E+12,5.15587E+11,8.36665E+11,22698989000,8.13966E+11,-41568237000,NA,1.17628E+12,31691002000,14722686000,5276178.231,136046,212490.7692,2323198.769,46377.53846,35283.07692,11181600.23,7818049.615,406816.5385,-439119.3077,47343.84615
UBL.KA,2017 Q3,48.18177419,105.2569355,8.733774194,5.993709677,1.32769E+12,5.8832E+11,9.85847E+11,17415792000,9.68431E+11,-40996387000,NA,1.23897E+12,38160945000,14558649000,5435555.923,140690.7692,209217.3846,2514256.231,39870,24457.84615,11612407.54,8126071.692,447099.6923,-439587.9231,51757.61538
UBL.KA,2017 Q4,55.21241935,106.1806452,10.47669355,5.990645161,1.32939E+12,5.81217E+11,1.05047E+12,14371787000,1.03609E+12,-41090082000,NA,1.22571E+12,38486695000,14715399000,5620556.846,120872.6923,207271,2760289.154,41012.30769,18463.92308,11749912.77,8347068.923,534942.9231,-442423.1538,57474.23077
UBL.KA,2018 Q1,62.9057377,111.0455738,12.53081967,6.083278689,1.3497E+12,5.93062E+11,1.00944E+12,14149051000,9.95289E+11,-44438775000,NA,1.25321E+12,18600957000,14304977000,6001096.538,121859.5385,223016.1538,2374126.769,42572.92308,19360.69231,11936303.15,7714466.154,593642.4615,-438698.4615,64488.38462
UBL.KA,2018 Q2,68.06546875,116.5670313,12.66125,6.3796875,1.37995E+12,6.4367E+11,7.7718E+11,13785529000,7.63394E+11,-46850132000,NA,1.24389E+12,48883281000,14757542000,6394596.692,125205.6923,228573.1538,2297716.308,49131.23077,23044.38462,12271262.46,7419772.385,680466.3846,-440922.5385,74235.46154
UBL.KA,2018 Q3,69.68730159,123.17,12.69,7.61047619,1.39584E+12,6.94777E+11,8.08618E+11,15042072000,7.93576E+11,-50915771000,NA,1.29052E+12,48218002000,14375103000,6765106.308,115162.1538,205602.8462,2492074.538,52735.61538,21313.46154,12538241.69,7322371.846,780949.0769,-440884.4615,87368.84615
UBL.KA,2018 Q4,59.96557377,133.4777049,13.51377049,9.31557377,1.41505E+12,7.01811E+11,9.07507E+11,13184242000,8.94322E+11,-53096489000,NA,1.29312E+12,50139742000,14505598000,7035843.545,119389.7273,202900.4545,1951694.818,54994.18182,29313.09091,12760693.73,6370828.545,1171643.455,-441292.7273,98236.81818
UBL.KA,2019 Q1,54.82311475,138.7672131,14.02139344,10.46344262,1.44832E+12,6.93732E+11,7.46348E+11,13312246000,7.33036E+11,-61020611000,NA,1.36013E+12,19191597000,14967165000,7246895.385,143807.4615,226991.0769,1694121.077,56178,25569,13032139.15,5890335.769,1308651.923,-449367.8462,111882.9231
UBL.KA,2019 Q2,59.88015873,146.5609524,14.29449206,11.75634921,1.42864E+12,6.20454E+11,6.36171E+11,13635161000,6.22536E+11,-62221900000,NA,1.40493E+12,23716067000,15618382000,6726644.538,155857.6923,240376.9231,1695937.692,55253.38462,20250.46154,12291688.15,5860284,1060258,-452229.6923,99425.61538
UBL.KA,2019 Q3,56.33634921,157.5777778,14.13771429,13.56984127,1.53409E+12,6.35341E+11,7.85604E+11,15356185000,7.70247E+11,-67844062000,NA,1.50802E+12,26066471000,15871598000,7353059.846,184626.2308,232662.2308,2916289.615,54696.76923,20072.38462,13749192.23,8173624.385,832060.8462,-466797.8462,115615.1538
UBL.KA,2019 Q4,56.82095238,155.1090476,13.1072381,13.40920635,1.49857E+12,6.32527E+11,9.29461E+11,14801925000,9.14659E+11,-68212443000,NA,1.47579E+12,22783796000,16883773000,7409763.667,172954.25,212037.4167,2523634.667,52920.25,20528.16667,13966447.75,8140727.083,929145,-478779,120961.6667
UBL.KA,2020 Q1,45.33516129,155.583871,12.49272581,13.41612903,1.558E+12,6.45692E+11,7.82926E+11,14998346000,7.67928E+11,-67120881000,NA,1.53833E+12,19668495000,17789441000,7519878.692,186964.8462,222990.3077,2635448.462,49899.69231,34309.69231,14568033.46,8717628.538,948968.6923,-495774,126251.3846
UBL.KA,2020 Q2,27.96047619,162.9260317,13.0537619,10.27539683,1.59193E+12,6.42284E+11,9.40835E+11,15396317000,9.25439E+11,-72729944000,NA,1.57448E+12,17455472000,22279691000,7596838.889,173571.4444,221864.7778,3116701.556,46240.22222,47258,15053265.22,9862638.111,884497,-505951.7778,130477
UBL.KA,2020 Q3,40.89171875,166.5221875,13.31084375,7.0953125,1.69286E+12,6.21593E+11,1.04009E+12,14849694000,1.02524E+12,-76787868000,NA,1.6632E+12,29663732000,NA,7379917.75,196514,262099.625,2889112,48095,45928.875,16102282.75,10769294.5,793748.625,-524207.375,123824.25
UBL.KA,2020 Q4,39.83333333,163.3283333,12.75825,7.226666667,NA,NA,NA,NA,NA,NA,NA,NA,NA,NA,7355429,196514,283003.5,2662321,47422,42551.5,16484836,10956108,815846,-526210,121858
